ID_Num,aspect,elevation,hillshade,slope
2167,248,2870.7913,219,13
2201,126,2295.6143,151,12
2202,250,2290.9482,194,5
2200,280,2296.44,216,12
2197,126,2336.3828,136,18
2203,179,2291.5847,180,7
2153,151,2222.1018,171,6
2176,166,2302.757,173,9
2175,259,2461.079,243,21
2168,187,2666.0625,188,22
2165,185,2708.9126,185,21
2169,355,2612.9414,184,15
2174,106,2621.3247,103,27
2172,132,2419.359,136,19
2171,359,2477.3591,181,9
2173,269,2293.2114,183,1
2170,89,2414.1216,108,24
2163,5,2509.7495,175,21
2156,353,2480.037,188,19
2157,329,2362.9287,192,7
2159,331,2608.1177,199,13
2161,287,2651.5542,206,9
2162,44,2596.492,142,18
2160,321,2690.8916,202,11
2166,254,2850.8335,233,18
2164,246,2831.534,227,16
2155,268,2622.535,254,24
2148,146,2474.5974,177,2
2154,144,2549.6194,166,8
2149,186,2432.031,183,8
2150,277,2414.334,229,16
2151,73,2441.1946,147,11
2158,285,2547.6753,241,21
2152,61,2470.59,124,21
2196,123,2389.415,161,8
2188,292,2498.888,194,5
2189,299,2497.0132,247,25
2185,205,2512.416,185,3
2186,197,2486.7861,186,6
2187,115,2515.9207,177,1
2182,157,2538.0842,176,4
2183,326,2546.8691,221,24
2180,306,2541.594,199,7
2184,156,2588.1797,178,1
2179,287,2620.2305,186,2
2178,163,2556.1267,171,10
2181,289,2550.7068,196,5
2142,92,2472.1418,110,23
2177,302,2526.4578,247,26
2147,119,2496.0662,127,20
2143,336,2677.9395,205,20
2146,285,2609.7473,255,30
2145,31,2597.492,143,24
2144,106,2426.227,144,12
2141,168,2772.9321,166,22
2205,326,2317.5928,213,19
2195,68,2465.6602,162,6
2190,139,2446.435,164,8
2192,306,2465.8513,196,6
2191,269,2440.2168,203,7
2193,127,2451.5952,169,4
2194,238,2432.2485,199,7
2198,110,2389.5635,172,3
2199,297,2316.118,196,6
2204,305,2116.3967,204,9
2206,140,2207.6233,174,3
2207,266,2090.0317,255,33
19,187,2628.6128,184,10
26,328,2437.32,194,8
71,9,2532.1538,175,11
18,7,2604.9453,176,11
88,84,2734.3015,172,3
123,353,2790.004,182,4
134,7,2813.8342,179,4
145,340,2752.6453,190,9
124,295,2721.4185,218,13
85,86,2768.9844,167,4
72,346,2764.79,183,4
128,325,2787.3801,203,13
130,217,2798.174,191,5
144,319,2801.3826,181,0
62,50,2528.2869,176,2
81,175,2513.8848,180,1
96,181,2637.4604,181,12
99,27,2607.277,175,4
150,12,2778.9204,174,10
5,47,2811.4932,174,3
142,101,2802.0203,170,3
80,45,2721.1897,175,2
102,359,2710.734,181,6
131,294,2807.074,195,5
4,64,2786.059,140,14
107,215,2757.9307,188,4
75,131,2784.7012,168,5
116,166,2744.1875,178,3
103,8,2771.3704,180,2
15,292,2736.9353,209,10
121,208,2734.0906,183,2
24,178,2686.6,180,7
35,258,2343.755,226,15
87,86,2334.3298,174,2
9,241,2362.6726,183,1
23,145,2345.6265,178,1
20,338,2337.6726,192,10
76,168,2366.7773,179,1
90,120,2373.22,177,1
97,25,2366.899,174,5
31,93,2365.332,173,2
77,227,2349.278,199,8
54,144,2337.1785,176,2
33,161,2338.369,176,4
58,158,2322.6724,179,1
95,135,2322.6272,170,5
57,295,2312.1228,196,6
8,192,2330.0227,184,6
51,326,2321.4365,193,7
136,196,2605.257,197,20
111,141,2530.5415,133,25
148,290,2503.0327,197,6
41,64,2501.4348,172,3
79,207,2477.747,183,2
7,328,2512.6968,191,7
17,115,2472.0918,164,6
69,226,2424.5461,196,7
37,250,2418.7573,196,5
11,249,2410.826,189,3
101,172,2396.319,178,5
84,119,2429.4778,138,16
100,178,2450.5913,180,5
66,161,2463.795,177,3
14,152,2489.2544,177,2
50,202,2474.0562,182,1
82,93,2472.5093,173,2
94,123,2470.396,179,1
12,137,2514.3677,176,2
106,213,2503.8196,189,5
52,213,2490.4897,187,4
67,203,2639.483,182,1
73,180,2677.6848,180,4
74,184,2681.9436,181,3
132,345,2816.5283,184,4
135,298,2831.2158,194,5
30,38,2654.0974,148,17
43,313,2665.8052,189,4
28,98,2682.1824,143,12
59,92,2692.397,148,10
32,167,2680.7393,178,3
83,232,2596,190,4
25,355,2526.418,182,5
48,104,2654.6853,154,9
78,75,2649.1362,168,4
49,73,2449.1064,143,13
126,265,2819.817,218,12
21,2,2635.3403,179,15
27,172,2609.7747,178,5
110,294,2704.785,202,8
47,286,2719.8296,198,6
56,273,2687.3994,210,9
55,258,2666.1958,194,4
40,240,2657.7566,188,3
29,149,2638.5952,171,6
53,172,2656.9873,178,5
120,194,2769.7861,186,8
143,232,2742.5974,188,3
119,329,2749.3513,193,8
129,31,2603.4475,164,10
140,237,2587.5383,213,13
114,155,2451.0364,174,5
60,121,2441.954,161,7
91,209,2450.039,186,4
46,173,2421.065,179,3
42,177,2420.228,180,2
89,168,2441.2769,176,7
63,171,2438.831,176,9
68,173,2451.3096,177,10
139,212,2487.6167,196,9
70,134,2459.2434,164,7
61,236,2441.7188,185,2
118,335,2722.4558,198,13
45,86,2350.4639,163,5
105,250,2405.9492,192,4
104,127,2437.7507,166,6
39,169,2413.7656,179,2
44,132,2417.8892,170,4
149,303,2379.5684,210,11
22,132,2412.847,171,4
36,209,2512.2573,191,7
146,335,2466.8345,196,12
38,205,2552.9978,205,19
113,44,2423.4429,122,27
34,31,2413.1514,155,16
64,167,2415.8792,170,15
6,207,2440.7324,204,17
1,340,2563.5696,195,14
137,307,2782.877,199,7
147,111,2815.999,120,21
117,178,2764.9177,179,13
16,99,2823.082,159,7
133,358,2820.752,181,3
122,89,2770.3284,158,7
125,116,2747.1355,153,10
141,117,2706.5989,143,13
138,104,2655.5146,104,26
112,196,2787.2969,181,1
2,315,2731.826,208,13
10,221,2665.6567,199,9
3,283,2737.475,213,11
13,208,2702.8896,204,16
127,304,2744.0884,203,9
98,71,2488.0093,144,12
109,270,2445.5317,188,2
108,332,2460.5112,186,4
92,308,2373.8,198,7
65,337,2329.2979,183,3
93,326,2361.9673,184,2
115,38,2353.316,175,3
86,50,2323.302,178,1
2569,188,1751.3448,184,9
2570,232,1736.7681,208,11
2571,174,1762.9111,177,10
2572,143,1756.1862,164,8
2547,316,1757.613,190,4
2546,298,1750.2227,210,11
2551,202,1757.1472,193,11
2558,146,1751.7214,159,12
2552,250,1751.163,196,5
2553,218,1766.7698,202,11
2548,158,1757.3534,172,7
2549,139,1773.4279,173,4
2550,169,1780.2383,179,2
2568,143,1798.8834,149,17
2567,113,1767.0767,170,4
2566,133,1745.4713,157,10
2557,232,1767.2222,192,5
2554,209,1776.0272,189,6
2556,356,1754.9501,181,2
2555,288,1760.3928,212,11
2559,189,1751.8326,185,9
2560,173,1772.6326,175,15
2562,213,1756.0854,206,15
2561,184,1769.5132,183,13
2565,99,1746.75,129,17
2563,216,1719.8701,192,6
2564,97,1739.336,131,16
2434,304,1672.1783,197,6
2492,246,1699.8829,235,19
2493,260,1696.9862,255,27
2494,285,1716.1815,255,29
2545,201,1823.1953,194,13
2541,249,1805.0459,189,3
2539,222,1800.3711,193,6
2530,147,1773.683,162,11
2529,204,1758.6476,195,12
2533,331,1790.4717,186,4
2537,68,1765.6477,173,2
2538,203,1782.9373,196,13
2535,70,1785.6464,132,17
2534,13,1807.0166,179,2
2536,345,1783.7809,189,11
2540,316,1791.7893,187,3
2543,221,1787.2754,195,7
2532,338,1788.6188,189,7
2531,296,1777.0986,219,14
2542,104,1794.8376,154,9
2544,152,1807.9193,161,14
2527,138,1838.6954,166,7
2526,124,1844.3015,163,7
2525,132,1844.488,166,6
2522,202,1829.512,182,1
2524,88,1845.3325,138,14
2519,207,1817.6642,182,1
2518,181,1817.3654,180,2
2523,196,1822.365,185,6
2520,114,1815.4001,163,6
2521,123,1803.543,171,4
2513,70,1797.0305,160,7
2510,97,1788.7686,165,5
2514,77,1779.0934,164,5
2516,140,1798.5382,158,11
2515,131,1806.2883,162,8
2512,140,1810.0746,171,5
2511,147,1809.9926,168,7
2528,133,1834.4205,162,8
2517,219,1794.1777,193,6
2506,275,1751.8774,250,23
2495,224,1698.7188,220,18
2507,211,1785.273,202,14
2508,251,1720.7231,227,16
2501,275,1783.9209,238,19
1699,90,2361.5781,151,9
1698,269,2366.4912,188,3
1713,299,2353.1648,190,4
1714,72,2327.808,162,6
1715,270,2327.8333,180,0
1701,123,2353.2573,177,1
1705,96,2355.8892,171,3
1716,77,2321.3494,150,10
1717,76,2323.7417,119,21
1712,82,2336.1357,144,12
1706,92,2339.1106,144,12
1707,322,2353.7295,189,4
1709,302,2345.885,194,5
1711,332,2344.0588,183,2
1710,9,2335.1123,178,4
1708,270,2338.9258,186,2
1704,263,2355.1543,196,5
1702,273,2360.9736,205,8
1703,52,2361.5386,156,10
1700,262,2367.3977,189,3
1739,123,2280.5706,172,3
1732,284,2268.771,224,14
1738,209,2281.929,182,1
1735,118,2289.658,157,9
1731,309,2279.159,206,11
1734,293,2278.157,222,15
1733,301,2283.3447,218,14
1722,66,2287.5876,148,11
1737,158,2280.2307,178,2
1736,117,2281.3118,166,5
1723,122,2290.315,158,8
1721,22,2293.37,174,6
1720,113,2301.356,164,6
1718,153,2292.4028,172,6
1719,106,2279.748,154,9
1689,308,2328.2146,193,5
1668,283,2327.8413,207,9
1674,317,2308.438,206,12
1669,333,2328.5962,185,4
1673,251,2316.4426,214,12
1724,291,2318.8835,213,11
1726,274,2313.9683,241,20
1725,285,2320.3071,213,11
1727,316,2307,203,11
1728,298,2304.222,233,19
1729,245,2299.9646,229,17
1730,309,2300.041,186,2
1662,19,2311.7397,176,4
1663,255,2311.8213,184,1
1667,162,2289.047,177,4
1671,317,2307.3108,202,10
1666,151,2290.2039,161,13
1665,108,2300.416,134,16
1670,310,2313.8105,205,10
1675,266,2293.5483,215,11
1664,120,2306.0754,132,18
1659,97,2319.5527,170,3
1660,115,2315.2266,147,12
1661,67,2314.668,174,2
1658,263,2309.6833,218,12
1657,295,2316.9507,189,3
1656,279,2321.395,220,13
1672,328,2326.0881,188,4
1688,76,2337.9104,174,2
1684,346,2357.5894,184,6
1687,54,2351.615,174,2
1686,287,2365.211,185,1
1680,344,2370.4563,183,3
1677,240,2368.7358,185,2
1681,303,2372.4639,205,9
1690,85,2349.2424,145,11
1678,290,2366.2686,193,4
1679,311,2359.0117,192,5
1695,306,2337.667,191,4
1676,281,2348.482,227,15
1682,326,2360.4502,193,7
1683,96,2364.2656,145,11
1694,128,2341.427,166,6
1685,305,2355.3286,187,3
1696,91,2330.0474,162,6
1697,339,2333.1333,189,8
1693,289,2350.6006,215,12
1692,71,2352.6282,176,1
1691,313,2366.488,185,2
2573,118,1780.0204,161,7
2584,154,1703.5247,164,12
2585,250,1712.7793,182,1
2583,162,1733.2963,170,11
2586,77,1708.9984,170,3
2581,116,1737.0066,170,4
2582,96,1718.7183,148,10
2578,185,1739.6067,182,5
2577,71,1731.8568,168,4
2575,345,1744.1904,182,2
2574,157,1717.0896,165,12
2576,276,1736.3308,190,3
2580,323,1727.762,207,14
2710,265,1677.1086,224,14
2711,295,1704.6865,236,20
2714,352,1680.9701,187,15
2712,321,1712.4417,184,2
2700,267,1684.7487,202,7
2713,312,1707.5227,193,5
2715,5,1687.1348,176,17
2716,248,1666.1716,191,4
2701,115,1691.3424,158,8
2579,141,1753.007,173,3
2696,305,1766.0103,218,15
2699,271,1849.7998,244,21
2698,297,1805.2642,213,12
2697,351,1793.9941,188,15
2695,314,1774.5746,208,12
2693,307,1773.2583,212,13
2694,306,1740.9583,205,10
2706,245,1686.5409,205,9
2717,287,1671.477,209,9
2702,102,1693.315,157,8
2703,94,1696.5369,167,4
2707,270,1712.6171,224,14
2708,288,1706.6343,189,3
2709,165,1707.374,180,1
2705,173,1718.9785,178,7
2704,202,1709.4692,184,3
2629,238,1761.9581,202,8
2641,99,1741.4696,136,14
2642,96,1761.2429,131,16
2633,232,1779.9425,219,16
2643,81,1788.7053,127,17
2644,76,1797.043,105,26
2635,211,1820.4132,216,23
2618,172,1859.1425,178,4
2634,230,1794.751,210,13
2619,189,1853.509,183,6
2631,106,1818.8645,155,8
2615,179,1810.3021,179,17
2614,107,1777.3159,143,13
2630,205,1783.7522,186,5
2632,144,1811.4438,158,12
2595,141,1852.8755,167,6
2596,152,1875.4358,163,12
2591,58,1893.8955,155,10
2592,105,1894.5142,132,16
2602,275,1890.4766,252,23
2603,259,1898.8308,235,18
2604,263,1928.2268,252,24
2610,69,1865.487,132,17
2617,109,1833.059,142,13
2626,112,1863.7292,116,23
2625,148,1906.3125,169,7
2623,154,1886.8044,171,7
2616,143,1832.8123,139,22
2621,100,1865.5973,146,11
2620,163,1876.1589,175,5
2645,88,1816.5063,128,17
2636,258,1863.4772,248,23
2624,181,1912.6517,181,6
2622,161,1894.4043,174,6
2627,255,1928.4214,192,4
2639,119,1875.621,157,9
2638,138,1893.1434,162,9
2628,27,1897.9293,153,20
2611,15,1924.5906,167,17
2612,109,1921.2205,124,19
2613,130,1935.0323,140,17
2587,85,1939.1542,124,18
2588,103,1961.2395,113,22
2589,74,1976.3208,107,25
2590,122,1988.058,138,16
2609,274,2021.4426,255,35
2608,272,2009.8506,255,28
2607,268,1975.8314,255,27
2606,233,1917.9476,236,23
2605,267,1930.9293,255,25
2593,58,1922.916,124,22
2594,153,1894.4497,166,10
2598,154,1887.6925,172,6
2601,159,1940.7585,167,12
2600,277,1914.2399,205,8
2599,209,1886.4076,193,9
2597,154,1859.4758,169,8
1551,113,2217.424,136,15
1546,52,2229.5774,174,3
1547,10,2225.6084,179,3
1542,320,2219.723,195,7
1552,109,2214.9602,127,18
1544,56,2185.343,125,22
1545,89,2169.7344,126,18
1575,76,2174.045,151,10
1577,95,2180.184,144,12
1548,56,2218.6228,168,5
1543,313,2209.0278,213,14
1576,109,2201.621,122,20
1580,301,2217.854,205,9
1581,336,2210.314,184,3
1586,289,2190.0735,230,17
1579,84,2220.0164,170,3
1574,315,2210.0796,202,10
1578,58,2230.5288,166,6
1550,133,2236.3362,168,6
1549,116,2232.2585,167,5
1556,119,2209.7847,144,13
1554,151,2164.6626,151,20
1555,238,2211.3635,201,8
1553,192,2158.9087,201,33
1533,110,2224.3823,130,17
1532,108,2231.8682,130,17
1491,226,2260.1646,190,4
922,108,2272.9521,175,2
921,258,2271.2937,185,2
923,269,2274.3958,190,3
924,306,2273.7886,191,4
926,56,2255.0364,155,10
931,101,2235.4558,138,14
930,162,2245.1687,161,20
1488,329,2276.8767,188,5
1489,357,2273.9712,181,5
1486,270,2256.429,213,10
1490,204,2271.3499,201,16
1484,15,2275.3958,177,4
1485,344,2269.9224,184,4
1487,300,2263.4404,210,11
932,92,2261.0881,129,17
933,25,2231.3235,157,18
929,66,2274.632,176,1
928,268,2272.9746,196,5
927,348,2261.8503,186,8
925,16,2266.4404,168,15
913,284,2230.9834,195,5
915,338,2235.946,185,4
914,102,2239.7158,170,4
917,68,2225.4053,167,5
916,338,2231.5935,184,3
911,121,2222.9492,170,4
910,183,2219.1626,183,15
905,46,2199.7434,144,16
912,333,2223.2603,194,10
906,264,2193.1377,219,12
918,278,2217.2278,214,11
919,302,2219.7603,190,4
909,308,2197.7036,231,21
920,152,2223.669,173,5
1504,289,2187.082,249,24
1505,328,2208.328,200,12
1502,18,2206.322,177,4
1508,111,2228.1675,169,4
1498,304,2224.4155,185,2
1510,291,2208.9463,185,2
1511,309,2216.3062,191,5
1527,95,2200.2139,119,20
1526,132,2199.8794,129,22
1509,249,2211.8396,199,6
1496,223,2246.416,191,5
1497,320,2250.3086,186,3
1495,149,2246.5603,176,3
1494,253,2247.122,191,4
1493,90,2260.735,173,2
1492,246,2260.0378,184,1
1534,62,2209.0776,170,4
1535,94,2208.2727,172,3
1536,36,2207.867,177,2
1537,79,2209.5068,165,5
1539,158,2217.5674,170,9
1540,91,2213.5889,132,15
1538,107,2213.019,151,10
1541,134,2216.9338,156,11
661,97,2158.548,133,15
1514,90,2207.662,179,1
1517,2,2214.8362,180,6
1515,310,2220.3643,197,7
1516,45,2216.0544,160,9
1525,55,2210.9878,160,8
1523,275,2213.512,183,1
1522,200,2210.248,190,9
1524,20,2217.9856,180,0
1530,110,2178.4902,120,21
1528,102,2192.108,142,13
1529,113,2213.1208,170,4
1531,61,2200.8608,127,20
1513,109,2216.08,170,3
1512,218,2211.793,186,3
1499,234,2210.2742,186,2
1507,336,2203.738,196,12
1500,253,2216.7085,202,7
1501,201,2217.7397,188,7
1521,228,2208.2307,185,2
1520,197,2196.57,189,10
1518,199,2186.3877,195,14
1519,154,2198.8608,153,20
1506,313,2198.265,223,19
1503,344,2193.6206,202,26
908,12,2178.355,172,12
907,345,2188.5786,196,19
665,342,2185.654,183,3
643,296,2177.8108,198,6
645,146,2178.582,170,6
646,340,2170.4365,192,11
668,292,2177.7263,194,5
667,300,2183.1323,187,3
642,334,2178.501,189,6
666,270,2182.911,184,1
649,322,2189.5522,185,2
651,37,2182.1597,178,1
653,289,2178.3994,199,6
656,151,2152.8645,159,14
655,354,2157.8887,183,9
654,212,2171.3022,186,3
650,343,2180.317,183,3
648,260,2179.0833,192,4
647,325,2179.6975,188,5
652,274,2178.9602,198,6
1454,28,2159.5476,177,2
1453,345,2137.8096,191,13
644,73,2177.6604,162,6
664,214,2170.8586,201,12
641,62,2177.5918,165,5
662,57,2165.0015,140,16
663,210,2147.7827,210,19
657,147,2176.4573,172,5
659,53,2190.252,165,6
660,138,2188.9463,178,1
658,192,2171.9263,186,8
1452,333,2149.8032,194,9
1445,73,2163.8713,176,1
1446,15,2157.2139,172,10
1444,153,2153.9404,161,13
1447,358,2148.2349,183,21
1450,78,2152.1838,155,8
1449,154,2160.5542,177,2
1451,349,2143.6118,189,14
1448,288,2152.0657,205,8
1455,139,2145.5713,155,12
1456,300,2147.269,189,3
1457,336,2149.315,185,4
1469,38,2152.8152,158,12
1470,3,2141.6172,177,16
1471,57,2139.1863,160,8
1483,323,2115.7275,213,17
1479,170,2155.6907,177,7
1478,109,2164.1548,143,13
1477,77,2155.546,153,9
1475,104,2157.2607,168,4
1476,347,2154.7295,182,3
1474,266,2154.283,201,7
1480,332,2121.2004,186,4
1467,90,2128.0403,133,15
1468,78,2107.9072,119,20
1481,298,2123.4478,219,14
1482,358,2113.1072,182,14
1465,136,2129.1868,150,14
1463,130,2123.4565,120,26
1464,81,2146.2227,157,7
1462,98,2129.7524,136,14
1460,330,2123.4229,205,16
1466,85,2126.8904,109,24
1458,39,2137.073,172,4
1461,98,2140.6897,138,14
1459,314,2122.7896,198,8
1472,336,2166.428,187,5
1473,322,2157.6572,194,7
1569,355,2130.9146,187,28
1563,316,2190.7485,231,24
1564,257,2156.1292,255,29
1565,220,2178.8625,209,14
1566,273,2169.6682,242,20
1567,299,2153.6304,210,11
1568,294,2157.1226,232,18
1562,273,2171.1538,197,5
1561,344,2185.6333,188,9
1560,331,2195.061,183,1
1559,357,2204.9854,181,3
1557,97,2215.37,170,3
1558,107,2209.311,177,1
1570,273,2141.5903,255,26
1571,268,2128.203,255,25
1572,263,2121.158,255,26
1573,255,2118.1377,247,23
1582,299,2181.3652,195,5
1584,114,2178.8228,120,21
1585,91,2186.8855,158,7
1583,115,2190.1619,150,11
1619,270,2105.436,255,28
1620,249,2116.492,238,20
1621,184,2105.192,185,18
1623,287,2133.1023,224,14
1608,83,2147.5552,157,8
1611,52,2157.0679,163,7
1609,204,2168.2039,193,10
1610,291,2164.6755,204,8
1614,142,2134.9043,167,7
1629,247,2135.8428,201,7
1607,116,2133.1638,164,6
1627,307,2143.8289,193,5
1628,327,2139.7725,187,4
1626,132,2139.084,172,3
1622,264,2112.9004,223,14
1624,319,2098.9155,235,28
1625,139,2114.3882,114,33
1615,242,2149.1748,195,5
1616,299,2147.5352,210,11
1617,281,2146.2017,200,6
1618,348,2127.3203,189,14
1612,50,2146.5793,157,10
1613,257,2154.6753,217,12
1600,127,2102.567,122,24
1588,291,2125.7139,255,27
1603,334,2110.8923,208,20
1605,292,2110.1824,245,23
1599,117,2107.1646,143,14
1587,285,2126.5305,255,27
1594,63,2132.7163,135,17
1604,284,2143.1687,210,10
1593,86,2130.4683,123,19
1598,271,2141.0042,235,18
1597,262,2146.837,226,15
1595,295,2153.4143,217,13
1591,73,2155.7427,134,16
1592,72,2146.4785,136,15
1596,267,2146.706,233,17
1606,303,2105.3333,233,21
1601,87,2080.525,112,22
1650,47,2143.6477,102,36
1651,2,2109.9695,177,36
1640,0,2169.8066,180,24
1655,347,2112.4844,204,34
1632,307,2170.3594,214,13
1654,300,2111.5405,255,32
1653,356,2100.9683,184,16
1652,289,2108.761,255,27
1630,299,2207.969,193,4
1631,345,2199.2341,191,13
1636,305,2155.8257,254,30
1635,288,2187.7046,239,20
1639,278,2200.3054,216,12
1649,62,2117.3813,82,38
1646,60,2197.1208,140,15
1645,113,2200.1792,155,9
1638,257,2215.4053,189,3
1634,285,2186.595,210,10
1633,133,2234.6194,175,2
1637,118,2215.1108,177,1
1641,30,2226.6912,162,12
1642,112,2199.2434,155,9
1643,118,2196.3132,135,17
1644,88,2202.8755,132,16
1647,122,2136.1025,125,21
1648,87,2129.6582,81,33
1745,7,2199.804,178,6
1752,309,2184.6353,215,14
1750,35,2191.3875,168,7
1748,62,2198.4458,177,1
1749,285,2196.7305,187,2
1746,318,2205.6123,186,3
1747,39,2203.9082,173,4
1740,123,2179.0005,142,15
1758,13,2182.8171,179,2
1742,12,2175.791,178,3
1744,136,2171.3667,174,3
1756,22,2177.8228,179,1
1755,356,2181.22,181,2
1754,328,2172.5251,188,5
1751,301,2171.376,217,14
1757,19,2187.6748,177,4
1753,298,2181.3848,215,12
1759,293,2174.986,192,4
1762,42,2143.2168,152,14
1761,333,2177.386,188,5
1760,115,2174.6536,148,11
1741,81,2176.7053,164,5
1743,169,2169.158,175,9
1767,109,2175.1948,172,3
1765,90,2169.998,176,1
1763,45,2172.8586,174,3
1764,14,2170.9968,179,1
1766,20,2165.8003,179,1
1768,139,2168.0098,174,3
1769,65,2161.274,174,2
1770,278,2164.9368,191,3
1771,296,2155.9248,191,4
1779,84,2166.4734,162,6
1778,305,2170.9224,189,3
1781,81,2156.5503,166,5
1780,298,2165.8198,193,5
1773,285,2151.4353,195,5
1774,314,2167.6138,189,4
1772,273,2176.434,193,4
1777,300,2139.536,191,4
1776,256,2144.3987,202,7
1775,290,2146.3625,197,6
1783,65,2151.0173,171,3
1782,32,2160.315,177,2
1602,91,2077.023,103,26
1589,321,2096.3174,238,31
1590,319,2120.2278,223,21
1343,0,2034.6003,180,2
1358,110,1997.3257,157,8
1352,292,2018.6094,184,1
1349,348,2022.5468,182,2
1348,2,2023.8024,180,2
1346,19,2026.7925,179,1
1347,317,2025.7227,185,2
1345,359,2030.425,180,1
1344,334,2031.0646,181,1
1353,325,2012.4254,181,1
1350,24,2018.1503,179,1
1351,39,2017.5239,175,2
1354,11,2012.6163,180,1
1355,287,2011.6241,192,4
1356,52,2006.3922,175,2
1357,305,2004.5037,192,5
1359,347,1998.932,184,6
1341,98,1993.109,82,33
1342,90,1997.5895,140,13
1338,45,2037.0936,177,2
1340,302,2007.1571,214,13
1339,308,2033.0458,209,12
1336,26,2031.6139,174,4
1335,94,2040.2476,171,3
1333,10,2043.1804,178,4
1334,309,2015.0857,196,6
1337,358,2038.6018,181,5
1331,249,2040.9065,205,9
1332,161,2043.0776,180,0
1330,246,2043.3453,190,3
1329,225,2036.9656,193,6
1328,263,2049.3608,184,1
1327,263,2042.293,220,13
1319,107,2043.6567,148,11
1321,263,2044.5625,204,8
1318,344,2052.758,183,3
1315,67,2052.987,157,8
1317,88,2050.155,154,8
1320,94,2041.1111,144,12
1322,74,2037.3488,163,6
1313,41,2064.9146,177,2
1314,60,2057.8662,164,6
1316,63,2054.5908,169,4
1325,288,2042.5264,214,11
1326,319,2055.7043,183,1
1324,62,2057.9766,177,1
1323,268,2056.2913,190,3
1305,70,2072.0623,176,2
1304,116,2045.3971,147,12
1301,80,2052.4722,167,4
1302,85,2051.0413,162,6
1299,290,2056.7954,184,1
1296,335,2058.2095,185,4
1308,148,2067.0237,175,3
1307,273,2074.783,182,1
1310,62,2074.1333,180,0
1306,252,2073.0024,185,2
1309,284,2069.746,185,2
1311,307,2069.8618,186,2
1312,344,2066.8945,182,2
1297,90,2054.9502,175,2
1298,47,2061.0183,176,2
1303,317,2045.0817,201,10
1300,7,2048.8804,180,0
1264,77,2081.249,168,4
1263,307,2085.918,182,1
1265,33,2081.7058,177,2
1266,58,2075.121,166,5
1268,94,2073.3608,168,4
1277,179,2080.5337,180,0
1269,55,2076.1216,171,4
1278,24,2079.9407,179,1
1273,96,2058.86,163,6
1272,254,2062.146,198,6
1270,62,2066.8582,170,4
1280,338,2074.8389,182,1
1274,253,2075.1343,185,2
1258,263,2053.9365,229,16
1275,285,2071.608,190,3
1276,59,2060.8247,158,8
1271,323,2065.836,187,3
1261,11,2040.964,168,20
1262,19,2021.5577,165,15
1260,274,2046.021,239,19
1259,278,2053.704,213,10
1279,58,2076.1846,178,1
1267,263,2080.2727,185,2
1177,325,2079.8145,196,9
1176,315,2080.918,191,5
1173,41,2089.838,171,4
1175,11,2078.4458,180,1
1172,25,2084.8882,179,1
1170,30,2095.358,175,3
1169,354,2099.528,181,3
1168,31,2104.9663,176,3
1171,83,2093.1562,176,1
1174,19,2087.6404,176,4
1143,178,2101.1843,179,7
1148,71,2108.0935,164,5
1147,184,2123.849,183,10
1154,85,2101.8438,172,3
1167,64,2090.6326,174,2
1163,17,2107.4443,176,4
1165,66,2087.7715,173,3
1164,88,2096.072,167,4
1160,20,2095.1814,176,4
1159,79,2103.8804,163,6
1158,61,2120.099,167,5
1153,89,2119.6372,162,6
1152,94,2135.6743,175,2
1151,292,2134.48,184,1
1150,292,2133.6729,188,3
1157,8,2130.5715,178,4
1162,47,2113.6426,170,4
1166,359,2102.6514,180,3
1161,278,2102.9297,205,8
1156,305,2121.2886,194,5
1155,263,2102.829,223,14
1149,260,2107.1042,224,14
1144,265,2109.4932,204,8
1140,234,2113.4834,200,8
1141,188,2129.2468,181,3
1145,230,2135.4023,188,3
1146,86,2128.8994,161,6
1142,87,2117.7644,160,7
1139,82,2115.4407,165,5
1138,192,2124.3247,182,3
1194,142,2142.9185,172,4
1193,186,2144.6711,182,5
1196,99,2144.2544,155,8
1198,231,2164.3145,182,1
1197,275,2153.192,196,5
1186,209,2152.7068,188,5
1185,202,2133.901,182,1
1183,221,2126.7744,188,4
1184,242,2137.096,195,5
1181,195,2120.792,185,6
1182,178,2130.488,180,3
1187,107,2148.355,157,8
1191,297,2158.9,190,4
1190,283,2150.1553,214,11
1188,260,2149.3794,202,7
1189,211,2161.6443,187,4
1178,153,2117.2751,178,2
1179,185,2110.6245,181,3
1180,264,2121.411,186,2
1195,218,2146.545,190,5
1192,200,2142.2876,186,5
1247,282,2169.7434,186,2
1245,272,2176.0933,190,3
1243,30,2173.4736,167,9
1242,323,2176.9514,183,2
1241,7,2183.7397,180,1
1240,33,2164.624,173,4
1238,108,2175.5588,172,3
1231,279,2180.3806,201,7
1239,228,2170.0698,185,2
1237,25,2177.0437,176,4
1232,12,2175.6685,173,11
1227,180,2186.0486,180,0
1229,11,2186.2493,180,1
1236,17,2182.3555,180,1
1230,31,2188.636,178,1
1225,234,2190.8555,182,1
1228,256,2187.756,189,3
1224,301,2196.2634,185,2
1223,300,2201.0476,183,1
1221,299,2201.438,182,1
1222,15,2199.2788,179,1
1233,268,2188.7961,182,1
1234,211,2194.6982,181,0
1226,41,2190.5376,178,1
1235,258,2186.3435,188,2
1374,359,2223.2302,181,13
1376,19,2193.1968,167,13
1367,55,2155.9558,159,8
1368,351,2117.9302,185,9
1370,354,2129.065,184,11
1369,338,2149.3179,187,6
1362,302,2187.006,234,21
1364,280,2197.2017,244,21
1365,42,2192.1838,151,14
1366,345,2177.1592,190,12
1372,351,2131.6523,185,11
1371,318,2115.193,195,7
1282,345,2071.5576,184,5
1285,227,2057.3843,207,12
1286,187,2062.523,183,6
1290,221,2082.9976,185,2
1287,124,2076.3755,166,5
1283,11,2079.2544,178,3
1288,213,2075.9165,190,5
1284,35,2076.0352,170,6
1289,303,2090.202,187,2
1295,258,2100.67,182,0
1293,299,2100.8027,183,1
1292,241,2097.265,188,3
1291,23,2092.148,174,5
1281,241,2089.5994,190,3
1294,33,2087.34,173,5
1363,53,2203.4067,134,19
1361,44,2217.3472,142,18
1360,58,2206.679,124,22
1409,314,2244.464,183,1
1408,7,2248.3052,180,1
1412,236,2250.12,183,1
1411,349,2240.3972,181,1
1413,310,2236.8413,188,3
1375,59,2192.1265,149,12
1373,291,2209.6472,203,8
1410,210,2240.1543,182,1
1387,53,2216.8376,137,17
1380,22,2256.4526,180,1
1379,0,2256.464,180,0
1378,18,2257.2788,178,2
1377,156,2259.2515,172,6
1381,0,2256.464,180,0
1382,0,2256.464,180,0
1416,66,2256.4739,179,0
1417,231,2255.519,185,2
1418,0,2256.464,180,0
1419,215,2256.3167,181,1
1415,250,2256.193,188,3
1414,216,2260.5352,184,2
1383,182,2222.5215,182,14
1384,198,2205.375,198,18
1385,141,2214.699,136,23
1386,93,2213.8008,139,13
1395,158,2121.3516,164,14
1392,89,2130.4124,130,16
1388,225,2132.1506,215,16
1391,180,2129.1357,180,12
1390,273,2105.1133,240,19
1393,268,2123.7573,241,20
1394,113,2158.65,152,10
1398,175,2190.9448,178,11
1397,210,2185.8271,191,7
1396,192,2176.288,186,9
1399,154,2173.6357,167,10
1407,303,2168.784,239,23
1406,270,2162.3208,231,16
1404,283,2141.2383,203,7
1405,283,2180.7905,215,11
1403,210,2144.0225,190,6
1400,205,2184.325,193,10
1401,117,2123.6292,145,13
1402,243,2125.8333,213,12
1389,231,2137.1675,218,16
1433,238,2184.7266,190,4
1435,225,2188.4072,186,2
1437,181,2189.6345,180,0
1434,225,2180.6675,188,3
1427,300,2172.1428,184,2
1425,352,2173.5488,181,0
1428,302,2177.0793,182,1
1430,256,2175.5032,184,1
1431,238,2179.4355,187,2
1436,180,2188.0464,180,1
1432,167,2182.7712,180,1
1429,180,2181.6453,180,1
1426,82,2179.5308,177,1
1423,320,2175.4006,183,2
1442,213,2119.1582,202,13
1439,176,2129.4531,178,9
1438,201,2112.0073,190,9
1441,210,2128.401,203,14
1443,200,2156.3813,194,13
1421,342,2181.336,182,2
1420,18,2183.381,178,3
1440,186,2128.4282,184,13
1422,17,2175.2773,178,2
1424,313,2171.07,182,1
630,0,2135.888,180,6
636,99,2127.3938,157,7
634,102,2126.8682,162,6
640,151,2126.7231,175,3
639,117,2127.7966,164,6
633,10,2121.2134,180,1
635,102,2122.2935,167,4
638,64,2127.6863,178,1
628,112,2154.5833,143,13
627,82,2154.6008,164,5
619,291,2174.7478,190,3
618,267,2174.7114,195,5
617,296,2168.3323,182,1
623,281,2174.9668,194,4
622,273,2164.1792,188,3
620,291,2171.1187,192,4
621,284,2177.5688,184,1
629,100,2151.7869,165,5
631,85,2146.8281,158,7
624,279,2171.4043,189,3
632,86,2144.751,157,7
625,296,2166.7527,189,3
626,323,2164.5278,182,1
478,160,2136.5527,179,1
477,268,2135.7532,181,0
480,237,2141.3284,183,1
481,247,2136.5151,191,4
479,298,2132.171,188,3
446,250,2106.5742,228,16
471,205,2092.6882,194,10
447,242,2108.592,217,13
444,259,2105.1152,218,12
445,280,2108.212,209,9
469,254,2072.3164,222,14
470,201,2074.453,195,14
472,219,2074.772,208,14
473,261,2064.4832,236,18
476,313,2081.5444,205,11
459,218,2063.5588,191,6
475,255,2064.6765,213,11
474,246,2053.2236,210,11
458,199,2050.3503,194,13
460,209,2060.5562,194,9
461,179,2081.051,180,9
1246,277,2164.3027,187,2
1244,301,2171.853,185,2
1249,0,2158.8489,180,0
1252,338,2117.643,198,16
1250,73,2154.334,172,3
1248,90,2157.3489,180,0
1217,137,2160.0889,176,2
1216,213,2159.2769,184,2
1218,187,2170.2695,182,3
1219,81,2168.6545,179,1
1256,311,2139.9265,204,10
1254,333,2136.5034,201,15
1251,8,2124.8955,173,17
1253,37,2115.7937,170,5
1257,10,2116.9343,173,13
1255,71,2127.714,148,11
1220,333,2156.1162,194,10
286,156,2108.774,174,5
287,165,2107.8308,177,4
288,189,2104.9568,182,4
292,180,2098.5742,180,3
291,66,2098.683,169,4
290,151,2101.2842,175,4
289,170,2106.2798,179,3
298,138,2088.2961,169,6
299,355,2083.814,181,2
300,136,2084.0122,154,12
313,187,2078.8767,181,2
324,93,2051.2666,175,2
323,36,2060.9365,174,3
321,176,2064.8696,179,7
302,61,2062.7236,166,5
306,137,2079.5415,176,2
307,56,2080.6846,176,2
305,99,2083.8228,173,2
301,135,2076.1868,161,8
304,49,2070.713,165,6
303,52,2068.9392,153,11
322,208,2063.2217,189,6
325,122,2070.0437,173,3
320,210,2076.4731,188,5
318,159,2076.0098,172,7
319,110,2085.984,173,2
308,139,2092.166,169,5
309,104,2092.8796,173,2
310,185,2088.6843,182,6
311,171,2086.6926,179,3
314,213,2080.0527,183,2
312,180,2087.5776,180,3
316,212,2085.2832,184,2
328,76,2069.159,158,7
326,115,2067.2664,157,8
327,251,2060.73,201,7
315,175,2082.098,180,3
317,85,2084.872,176,1
297,141,2107.207,173,4
296,175,2108.939,179,3
295,170,2095.4182,178,3
294,136,2103.1611,174,3
293,95,2102.3792,174,2
273,99,2160.893,162,6
271,5,2177.735,179,3
272,100,2167.0889,155,8
282,358,2180.0342,181,9
283,72,2159.9514,166,5
280,86,2159.8188,160,7
284,108,2151.7163,174,2
285,0,2146.6675,180,0
281,143,2146.161,179,1
277,37,2153.9053,168,7
276,58,2169.3665,165,6
275,57,2184.1914,172,3
279,216,2190.6992,182,1
278,297,2177.7778,202,8
274,5,2182.4568,178,7
254,232,2171.232,200,8
266,339,2123.4832,185,4
265,7,2117.275,179,2
269,337,2110.9658,183,2
268,358,2112.5933,181,2
270,326,2107.5156,187,4
263,34,2111.0579,176,3
264,297,2113.9194,188,3
258,298,2126.8442,199,7
253,331,2123.416,186,4
257,83,2122.433,164,5
261,116,2117.9602,162,7
262,295,2115.0461,186,2
267,178,2111.4902,180,1
255,304,2129.2864,184,1
259,322,2120.8994,191,6
260,349,2118.5938,184,6
256,270,2124.4614,188,3
252,351,2123.2676,180,0
251,293,2131.6582,190,3
248,251,2137.1494,187,2
246,172,2135.1675,180,0
249,49,2127.9954,167,6
250,10,2127.5764,180,1
247,349,2131.5042,182,3
1215,127,2153.1328,172,3
1206,255,2129.0325,217,12
1214,235,2130.9116,204,9
1211,345,2129.9248,186,7
1212,170,2146.4922,178,4
1201,169,2075.9033,177,5
1200,274,2082.6846,206,8
1199,305,2102.6982,202,8
1202,294,2096.3418,190,4
1210,240,2123.98,193,5
1213,323,2108.8267,186,3
1207,239,2122.1626,192,4
1205,206,2096.7217,183,2
1208,309,2119.1096,188,3
1203,219,2090.108,189,4
1204,310,2076.912,184,1
1209,293,2134.4707,201,7
232,66,2083.6658,146,12
233,196,2090.8586,183,3
230,331,2099.5864,187,4
231,215,2100.5488,202,12
240,250,2095.3303,214,12
237,265,2097.501,200,6
236,330,2098.0903,181,1
239,65,2094.0137,169,4
242,259,2086.2583,223,14
243,298,2104.1646,201,8
245,232,2095.8726,192,5
244,267,2088.8357,202,7
241,325,2080.553,188,5
238,240,2091.21,195,5
234,342,2076.2964,185,5
235,220,2089.0562,193,6
358,0,2073.807,180,0
357,270,2073.807,180,0
359,96,2073.199,180,0
371,64,2076.0764,176,2
369,285,2077.757,183,1
370,29,2077.711,179,1
377,76,2075.7832,177,1
379,299,2075.6182,182,1
383,235,2077.929,193,5
384,164,2082.211,176,5
386,297,2087.874,191,4
387,99,2090.4558,168,4
388,116,2091.3862,176,1
385,98,2080.4775,171,3
402,265,2084.9854,191,3
403,275,2086.3484,190,3
393,353,2090.3499,182,4
389,331,2095.0864,182,1
394,34,2087.6519,171,5
395,246,2086.6372,192,4
391,222,2099.9253,185,2
392,357,2091.8157,181,6
390,260,2097.5325,188,2
400,183,2091.2039,181,5
399,280,2093.288,183,1
396,292,2068.7244,203,8
398,296,2082.2637,196,6
397,220,2071.4697,188,4
401,170,2081.309,178,5
381,215,2078.063,183,1
380,125,2074.1477,174,2
382,64,2076.7827,176,1
378,123,2061.719,177,1
376,127,2063.9836,163,7
373,127,2080.0432,177,1
372,329,2081.536,186,3
374,112,2068.689,152,10
375,68,2079.2886,177,1
368,289,2079.6787,187,2
367,311,2077.3389,182,1
366,297,2073.5142,180,0
361,215,2074.175,184,2
362,160,2072.8713,178,3
360,204,2071.921,183,2
365,45,2074.503,179,0
364,294,2071.7764,187,2
363,285,2066.3281,189,3
412,337,2071.2014,184,3
413,221,2074.4216,181,0
405,33,2066.6675,178,2
404,20,2074.3723,179,1
417,242,2075.7214,184,1
415,133,2074.3528,179,1
409,71,2075.062,179,0
411,0,2073.807,180,0
410,96,2074.1094,179,0
419,107,2073.1357,175,2
418,139,2072.3804,175,3
416,36,2071.103,176,2
408,124,2073.6428,179,1
414,0,2073.506,180,0
406,49,2065.809,173,3
407,353,2067.222,182,4
349,240,2081.912,187,2
355,197,2067.8901,181,1
356,228,2073.0684,182,1
354,90,2088.1702,170,3
351,143,2089.1309,177,2
350,202,2087.5344,185,4
353,212,2101.19,187,4
330,133,2098.2253,179,1
336,199,2107.5662,190,10
337,177,2112.2908,180,5
352,188,2097.4495,182,3
339,237,2117.2566,199,7
342,229,2131.2493,202,9
346,264,2132.4724,203,7
347,173,2140.136,179,5
345,175,2126.042,179,4
348,246,2145.6238,192,4
332,317,2110.773,182,1
340,84,2109.268,174,2
343,219,2117.4832,189,5
344,180,2114.832,180,3
341,212,2113.2744,188,5
338,199,2101.1128,183,3
334,211,2109.762,184,2
331,149,2106.0786,178,2
335,91,2108.3103,177,1
333,84,2100.7744,176,1
329,172,2100.0737,180,1
493,118,1928.4362,149,11
494,99,1934.5231,155,8
496,15,1939.6162,176,5
501,37,1943.8975,174,4
505,27,1948.8563,173,5
506,282,1944.5946,195,5
508,344,1937.5961,184,4
507,339,1925.5463,191,10
511,292,1984.809,211,11
512,306,1965.2117,193,5
513,298,1965.331,199,7
504,55,1957.7881,175,2
510,286,1966.9819,190,3
509,284,1982.7617,200,6
425,257,2064.947,201,7
426,262,2065.5554,196,5
427,250,2068.9937,196,5
420,120,2061.6758,167,5
421,133,2075.0503,172,4
423,130,2067.0308,176,2
422,91,2065.1987,169,4
424,259,2055.3633,205,8
428,78,2071.2664,173,2
431,49,2069.0425,176,2
429,103,2075.955,172,3
440,41,2084.649,155,13
437,126,2117.8665,157,9
436,256,2131.0618,190,3
435,242,2122.5806,193,4
441,341,2095.5374,190,10
442,345,2081.566,197,21
439,59,2127.2886,171,3
443,122,2065.4077,156,9
438,139,2084.4749,148,16
468,160,2063.5354,175,5
457,23,2030.8611,173,6
455,96,2024.3324,152,9
456,153,2029.5128,167,9
454,123,2030.119,167,5
453,284,2041.5165,221,13
451,23,2061.648,171,8
452,48,2064.6328,165,7
465,244,2076.776,196,5
463,254,2075.6182,206,9
464,63,2086.4126,175,2
450,80,2058.186,152,9
449,100,2057.0713,143,12
448,90,2061.2642,150,10
462,232,2084.0112,192,5
466,245,2065.8901,209,10
467,140,2059.3748,171,5
432,88,2061.184,177,1
434,16,2051.4375,173,9
433,8,2060.368,179,2
430,120,2067.7034,178,1
544,133,2082.631,146,15
545,90,2091.326,174,2
534,355,2085.0803,181,3
532,355,2071.1492,182,7
536,109,2070.772,172,3
538,5,2065.2666,179,5
539,279,2056.4124,228,16
537,86,2072.9604,170,3
535,292,2075.7495,209,10
533,5,2040.4111,179,7
543,264,2083.4492,200,6
540,291,2081.8513,191,4
542,276,2082.7317,194,4
541,280,2078.745,188,3
531,285,2052.3892,214,11
547,54,2071.5464,153,11
546,64,2084.8372,167,5
530,64,2065.567,177,1
514,204,2097.3215,193,10
518,324,2099.4163,184,2
519,307,2092.5698,187,3
528,225,2048.606,207,12
517,245,2093.2585,194,5
529,238,2051.2583,217,14
524,29,2059.2607,176,3
515,242,2074.6,210,11
516,280,2103.4072,181,0
527,223,2063.3848,199,9
526,268,2077.978,195,5
523,358,2089.4016,180,2
525,256,2075.458,221,13
522,31,2078.7285,174,4
521,309,2086.3635,184,1
520,243,2080.4497,207,10
557,18,2075.7764,177,3
553,161,2023.6991,172,8
552,198,2018.6149,193,13
549,328,2024.8319,199,11
562,7,2057.571,180,2
561,297,2064.6372,190,3
566,321,2060.29,188,4
550,312,2034.4038,200,9
567,345,2054.7104,185,5
565,359,2064.977,180,2
564,340,2067.9602,182,1
559,327,2072.7847,185,3
563,7,2068.741,180,2
558,64,2069.4485,169,4
560,22,2076.7039,177,3
556,34,2085.1926,179,1
555,20,2084.5698,178,2
554,55,2089.174,172,3
674,163,2133.7566,171,11
672,183,2096.398,182,16
671,172,2097.1938,173,17
670,170,2082.4558,173,14
684,273,2065.35,204,7
682,207,2064.273,181,1
678,29,2065.5068,168,8
683,175,2070.7476,179,5
669,165,2072.248,170,13
673,171,2099.4749,174,12
731,307,2112.8877,184,2
729,271,2116.396,186,2
738,287,2117.2317,184,1
730,251,2120.135,183,1
736,270,2119.8433,183,1
725,241,2122.6582,185,2
728,333,2117.8289,186,4
726,36,2125.5903,180,0
722,255,2122.3022,184,1
723,289,2126.5283,184,1
727,41,2124.4717,177,1
675,119,2127.651,155,9
677,220,2120.938,191,6
676,125,2137.3152,154,10
689,75,2144.912,166,5
690,71,2130.7686,171,3
697,233,2144.1638,183,1
696,217,2141.4087,183,1
700,208,2145.745,182,1
688,46,2136.1135,175,2
686,78,2149.7866,157,8
687,63,2146.721,172,3
685,124,2151.2979,168,5
699,188,2145.3052,181,1
698,225,2142.8977,186,2
694,265,2135.0925,182,0
695,214,2138.5015,184,2
693,246,2136.5789,183,1
691,220,2134.2217,182,1
692,273,2134.0894,181,0
745,53,2136.751,162,7
747,332,2138.103,189,6
746,340,2140.8574,193,12
744,66,2143.3281,152,10
743,334,2160.7798,197,12
750,12,2172.3025,179,2
752,70,2156.967,169,4
753,87,2165.064,156,8
754,91,2152.286,173,2
751,333,2163.112,185,4
749,87,2172.5479,165,5
748,174,2184.591,180,1
804,22,2136.1047,179,2
802,39,2140.5415,176,2
803,268,2111.909,235,18
805,294,2110.5146,228,17
806,258,2109.6038,215,11
808,278,2110.0173,185,2
807,304,2108.8813,186,2
732,358,2134.0906,180,0
735,323,2133.414,182,1
724,337,2128.1008,183,2
734,305,2130.4685,185,2
742,284,2130.7314,188,3
733,267,2124.8418,188,2
741,289,2121.073,182,1
739,263,2127.7344,190,3
740,271,2120.39,181,0
737,289,2117.3691,184,1
809,299,2100.6753,191,4
814,28,2099.8767,164,11
813,82,2119.1934,139,13
812,351,2136.365,183,5
810,192,2149.8274,185,6
816,229,2106.2668,203,10
818,261,2106.6667,200,6
817,264,2124.6052,192,4
815,234,2116.5823,201,8
811,274,2147.6782,196,5
843,292,2080.866,228,17
855,299,2100.4705,204,9
856,282,2125.6165,196,5
854,300,2130.9814,193,5
852,298,2158.067,185,2
851,287,2146.7014,193,4
850,210,2152.6533,189,6
847,254,2134.6543,186,2
849,240,2140.8223,193,5
848,244,2129.4805,195,5
846,259,2122.5552,194,4
840,252,2087.254,234,18
853,282,2112.4,197,5
842,239,2091.3413,210,11
841,251,2073.9443,216,12
839,224,2068.407,212,14
844,244,2118.4285,202,8
845,185,2122.034,182,5
2731,156,1818.6156,170,8
2732,140,1830.7102,158,11
2737,285,1834.1172,222,14
2739,300,1844.134,220,15
2738,303,1841.9221,235,21
2733,120,1843.0872,131,19
2736,100,1875.2178,126,18
2741,136,1859.0566,124,27
2740,285,1860.7421,231,17
2742,127,1865.5156,167,5
2734,175,1842.8411,178,10
2735,167,1874.2491,173,11
2750,150,2029.3612,129,34
2751,115,2050.7676,82,37
2748,139,1969.7815,129,26
2749,161,1991.0062,154,27
2753,181,1944.9492,181,10
2755,10,1924.3079,169,22
2754,32,1929.1396,144,22
2747,256,1898.4445,193,4
2752,224,1927.8635,228,22
2746,190,1906.15,192,23
2744,357,1877.7075,181,3
2745,265,1944.9235,255,32
2743,282,1874.6616,191,4
934,340,2228.7656,183,3
1096,192,2236.786,185,7
1099,64,2233.7825,159,8
935,17,2224.921,176,4
936,36,2222.0527,172,4
942,116,2194.3433,173,3
943,21,2184.2847,176,4
940,13,2207.1323,178,4
939,25,2207.88,178,2
937,9,2216.5928,178,4
1100,105,2213.7854,156,8
1097,87,2238.7964,156,8
1098,84,2216.282,147,11
1101,99,2197.9546,160,6
1102,107,2202.2183,154,9
1108,89,2193.588,180,0
1109,0,2193.3955,180,0
944,155,2194.21,179,1
938,123,2204.186,164,6
941,65,2194.2258,172,3
947,80,2188.1182,169,4
946,314,2188.706,187,3
945,72,2190.5063,172,3
1107,310,2194.8308,181,0
1110,321,2191.3833,184,2
948,301,2186.6772,189,3
985,151,2220.986,177,2
986,216,2227.5085,189,5
984,150,2213.094,169,7
983,177,2214.3208,180,2
982,190,2209.6519,182,3
949,147,2207.9033,179,1
951,223,2216.3108,186,2
952,216,2220.026,182,1
950,254,2209.9827,188,3
981,329,2217.686,197,11
990,288,2219.499,181,0
991,151,2222.255,171,6
992,160,2231.0212,178,2
987,185,2233.399,181,2
988,325,2233.7812,181,0
993,303,2231.9902,180,0
989,166,2234.2363,180,1
953,232,2327.9958,210,12
955,225,2358.2463,195,7
957,251,2381.5408,207,9
959,267,2392.115,206,8
958,297,2354.2837,200,7
956,265,2352.5562,214,11
954,246,2333.4507,205,9
973,187,2291.139,183,8
974,256,2309.084,207,9
975,233,2316.8013,197,7
972,213,2284.0894,195,9
970,284,2272.641,207,9
971,235,2293.8762,203,9
760,14,2171.5356,170,13
759,294,2166.167,222,15
761,349,2137.8438,186,9
769,3,2204.2866,177,16
764,342,2215.1968,184,3
765,347,2196.2505,190,14
766,5,2188.5974,177,12
755,309,2181.3474,237,24
756,284,2194.2896,205,8
767,243,2185.3975,231,18
768,65,2169.5747,146,12
763,110,2220.5085,176,2
762,11,2228.9287,179,3
757,1,2200.456,180,4
758,342,2203.6226,186,5
772,13,2210.149,179,1
777,36,2211.5706,175,3
776,23,2209.0396,174,5
773,330,2231.0679,189,5
775,346,2221.732,182,3
782,266,2225.01,197,5
774,341,2218.3179,182,2
771,326,2212.0786,182,1
770,319,2216.9094,188,4
779,106,2244.8264,178,1
778,273,2243.9639,194,4
780,253,2231.8667,189,3
781,313,2239.073,192,5
592,146,2189.5544,156,14
597,176,2217.8345,178,10
598,65,2221.6833,148,11
603,299,2222.705,189,3
604,351,2224.8691,182,3
589,89,2213.0854,166,5
606,75,2218.473,175,2
605,45,2222.8296,175,3
601,86,2220.2847,173,2
602,336,2219.8364,181,1
586,25,2209.4624,177,2
590,0,2207.6252,180,0
609,264,2208.2534,193,4
607,234,2210.7336,200,8
613,221,2201.751,205,12
588,8,2215.9375,179,3
610,13,2194.3916,175,8
614,210,2211.9634,202,14
615,224,2196.1123,224,20
611,341,2159.3418,196,16
616,204,2193.714,202,17
612,10,2171.14,173,14
591,332,2214.35,182,1
587,323,2212.7341,188,4
576,321,2182.8372,182,1
577,72,2180.513,168,4
573,25,2133.2695,153,22
585,293,2162.6003,218,13
572,287,2122.0942,210,10
582,325,2154.0469,199,11
579,347,2174.5576,183,3
578,339,2180.5183,182,1
568,297,2172.1116,191,4
580,344,2168.2852,189,10
569,270,2171.0518,182,1
570,328,2164.9856,182,1
581,339,2168.4998,182,2
584,333,2136.5547,204,16
574,10,2113.44,172,15
583,88,2140.925,127,17
571,309,2163.2185,185,2
575,328,2135.3909,202,13
637,0,2130.8623,180,2
799,338,2237.4277,184,3
801,355,2230.4966,181,2
800,5,2236.6384,179,3
792,176,2202.9575,178,10
798,54,2244.775,176,2
797,269,2240.9363,192,4
795,268,2232.5854,188,2
791,135,2218.6177,144,17
789,91,2189.1382,146,11
788,138,2217.7214,149,15
783,172,2177.0723,175,12
786,88,2180.6904,156,8
790,257,2176.9324,225,15
787,159,2159.1392,174,6
784,169,2184.887,175,8
785,179,2210.1553,180,13
793,234,2231.2957,184,2
796,285,2231.7373,182,0
794,235,2230.084,185,2
608,247,2216.3276,203,8
600,145,2227.727,146,19
599,81,2226.5747,139,13
596,122,2185.6304,161,7
863,39,2162.8743,155,13
862,51,2202.2432,171,4
861,256,2198.456,184,1
594,93,2195.3767,154,9
593,203,2190.511,199,16
595,54,2198.563,167,5
860,349,2192.542,186,10
858,308,2217.5342,215,14
859,116,2208.961,119,22
894,91,2253.7363,139,13
893,111,2257.14,156,8
892,262,2249.6724,225,14
868,80,2238.3228,138,14
896,299,2250.5486,214,12
897,271,2267.6504,191,3
889,92,2281.049,148,10
890,148,2270.651,168,7
898,255,2250.1523,215,12
899,301,2257.2673,225,17
891,52,2268.9355,157,9
872,308,2245.3313,225,19
871,304,2249.4197,205,10
869,289,2261.3608,221,14
870,317,2261.1438,225,21
873,292,2237.2368,218,13
879,116,2248.29,143,13
886,145,2249.7168,177,2
887,78,2248.046,160,7
885,46,2249.5757,174,3
881,55,2223.307,143,14
876,92,2205.729,169,4
875,98,2220.988,104,25
874,306,2245.9033,211,12
878,95,2194.9917,156,8
877,35,2204.1887,160,11
882,92,2220.287,143,12
883,90,2216.4792,129,16
884,49,2211.4402,145,15
880,56,2226.1484,159,8
904,263,2207.1643,247,22
1074,2,2252.188,180,4
1048,42,2225.2056,130,24
1054,260,2220.8037,205,8
1073,358,2254.6497,181,4
1070,272,2259.378,198,6
1069,103,2269.8145,176,1
1052,248,2254.9746,196,5
1072,124,2258.263,180,0
1071,10,2244.554,180,1
1053,71,2243.8823,147,11
1058,299,2251.6394,196,6
1057,266,2258.9302,190,3
1056,315,2273.1113,200,9
1046,267,2237.4902,238,19
1047,264,2220.9556,255,35
1049,313,2208.0742,229,22
1055,53,2271.3042,174,3
1051,53,2258.011,156,10
1050,300,2272.8901,197,6
1068,134,2288.2446,172,4
1095,305,2281.3875,199,7
1093,207,2269.297,195,10
1094,282,2278.8328,215,11
1091,72,2290.863,146,12
1089,173,2293.6,180,0
1063,333,2284.0913,195,11
1076,255,2278.927,187,2
1079,293,2287.8188,211,11
1064,255,2268.5784,189,3
1067,54,2282.0435,175,2
1077,207,2280.166,190,7
1066,157,2297.7725,179,1
1084,79,2290.6958,147,11
1065,37,2295.87,172,4
1083,0,2292.9258,180,0
1075,290,2292.5068,186,2
1080,8,2297.0962,176,10
1078,231,2292.7007,188,3
1062,300,2291.9805,195,6
1087,227,2293.1985,192,5
1088,236,2305.391,186,2
1082,281,2300.496,229,16
1081,298,2312.7263,206,9
1059,264,2306.4954,195,5
1085,263,2304.7588,217,12
1061,264,2280.7239,198,6
1086,252,2284.6038,220,14
1090,91,2296.054,167,4
1060,5,2275.2825,179,3
1092,252,2271.0293,222,14
1035,351,2269.4954,182,4
1045,62,2280.614,166,5
1033,172,2279.2722,180,1
1034,97,2275.3445,164,5
1029,202,2279.921,189,8
1028,114,2291.3413,151,10
1030,229,2283.9011,208,12
1036,130,2261.799,161,8
1031,124,2269.1816,166,6
1032,143,2256.093,173,4
888,267,2281.0544,186,2
895,245,2275.3289,201,7
902,292,2265.8206,239,20
901,177,2283.3716,180,4
900,231,2268.4177,185,2
903,181,2281.4878,180,1
864,3,2285.3804,179,6
1027,174,2295.3286,180,2
1026,135,2289.347,156,11
1025,94,2277.4512,149,10
1013,276,2276.7407,232,17
1020,318,2291.6465,191,5
1024,64,2280.3271,170,4
1023,103,2281.0564,174,2
1019,272,2294.8052,188,3
1018,189,2291.477,186,10
1022,52,2293.0837,174,3
1021,135,2294.2014,175,2
1014,244,2285.8254,201,7
1016,200,2272.0474,192,10
1015,315,2279.7622,185,2
1017,30,2283.2466,170,7
1010,14,2280.9646,180,1
1009,237,2281.2544,198,7
1012,298,2271.1455,190,3
1011,314,2276.0845,194,6
865,337,2276.3308,186,4
866,67,2268.2742,167,5
867,70,2262.57,154,9
857,311,2214.1191,230,22
997,250,2320.746,193,4
996,201,2310.234,188,7
995,245,2299.163,217,13
962,155,2301.497,172,7
965,75,2307.8035,147,11
998,215,2323.0903,195,8
999,53,2330.6309,165,6
968,158,2319.6013,171,8
966,97,2365.248,148,10
969,82,2356.803,143,12
963,118,2341.8005,157,8
967,107,2332.142,161,6
964,191,2319.628,186,9
961,68,2290.9248,151,10
976,85,2275.919,159,7
979,312,2269.222,187,3
977,328,2268.7734,181,1
978,223,2254.761,226,22
960,124,2278.195,159,8
994,265,2285.1555,207,9
980,123,2261.9841,157,9
1000,199,2276.203,184,3
1002,158,2284.6978,174,5
1004,132,2292.2808,158,10
1003,218,2281.2158,187,3
1001,125,2270.945,163,7
1006,198,2255.1257,182,1
1008,243,2255.9856,184,1
1005,132,2267.0996,166,6
1007,206,2268.711,181,1
2797,253,1751.9324,217,12
2846,35,1725.4371,149,18
2852,23,1740.0964,161,15
2855,65,1753.5778,127,19
2847,349,1741.801,187,12
2844,61,1752.8955,151,11
2845,17,1735.6096,170,11
2858,20,1828.2971,159,20
2843,119,1780.2155,94,33
2842,41,1769.9979,158,11
2833,21,1721.5216,166,12
2834,32,1701.7345,163,10
2832,10,1703.8196,171,17
2819,88,1707.031,147,11
2836,27,1646.4695,171,7
2835,2,1679.4286,178,21
2818,77,1667.3176,125,18
2831,45,1620.6692,136,20
2795,151,1730.7583,151,19
2794,83,1718.105,164,5
2798,259,1747.9216,210,10
2796,262,1751.1753,217,12
2799,135,1763.287,161,9
2813,131,1783.452,142,16
2809,172,1754.7007,178,6
2811,235,1783.6201,212,13
2810,221,1747.8884,207,13
2830,35,1642.3586,138,24
2829,55,1597.8473,176,2
2806,258,1961.5079,255,27
2805,173,1907.2312,176,9
2804,154,1881.3112,168,9
2812,263,1793.8428,213,11
2786,166,1794.6519,173,10
2787,272,1829.4084,247,22
2792,238,1827.1321,209,11
2789,204,1793.73,191,8
2785,106,1784.3662,127,18
2814,97,1777.0612,156,8
2815,104,1802.7332,118,21
2800,124,1760.6321,144,14
2802,228,1791.2628,202,9
2803,265,1821.2397,251,23
2801,268,1763.9647,226,15
2790,78,1806.6558,129,17
2791,90,1804.7708,171,3
2793,249,1831.9108,205,8
2788,250,1850.9349,246,23
2808,105,2022.6838,73,38
2807,216,1964.087,207,14
1042,255,2302.9355,227,16
1041,81,2315.893,161,6
1038,21,2317.896,179,1
1037,0,2304.9836,180,4
1040,26,2303.609,170,7
1039,311,2312.5442,194,6
1043,262,2296.1626,217,12
1044,13,2308.87,176,6
2637,154,1901.6936,169,9
2640,341,1909.3636,193,12
2682,81,1822.5325,98,27
2681,237,1819.943,240,23
2680,71,1781.6505,139,14
2679,107,1790.5984,154,9
2691,74,1768.0798,131,17
2690,230,1765.4829,212,13
2692,238,1772.2289,220,15
2678,199,1798.952,191,11
2686,74,1710.1869,150,10
2685,81,1693.0615,132,16
2684,72,1689.8083,128,18
2687,106,1726.1385,135,15
2688,75,1744.5625,154,9
2689,80,1752.052,144,12
2665,84,1695.5486,178,1
2664,72,1699.424,164,6
2662,26,1709.9241,176,3
2663,90,1707.7256,178,1
2654,186,1676.64,185,14
2650,41,1699.7031,178,1
2651,5,1686.083,178,9
2652,334,1688.7686,190,7
2653,36,1686.0997,167,7
2647,345,1717.8318,187,8
2666,0,1695.525,180,0
2648,343,1693.8646,191,11
2646,260,1710.3707,193,4
2649,32,1691.522,163,11
2669,109,1685.6421,155,9
2671,187,1694.8342,181,1
2668,286,1696.0359,189,3
2667,214,1700.6969,191,6
2670,73,1706.5571,150,10
2676,118,1706.0457,170,4
2672,130,1695.9233,170,4
2673,231,1686.222,196,6
2675,92,1695.2909,176,1
2674,102,1675.1481,152,9
2677,69,1695.6132,176,2
2657,140,1675.9197,153,13
2660,42,1687.0244,175,3
2683,115,1671.6377,169,4
2661,107,1634.8464,170,3
2659,172,1650.2675,175,12
2658,162,1674.2993,166,15
2656,106,1656.298,171,3
2655,169,1669.5027,172,13
2820,37,1588.1315,135,25
2826,105,1631.41,121,20
2821,72,1595.2257,150,10
2822,46,1587.331,143,17
2827,107,1637.4572,105,26
2828,59,1623.2194,94,34
2825,209,1639.6543,188,5
2823,231,1627.2029,205,10
2816,145,1605.1875,161,11
2824,159,1612.5989,165,14
2817,73,1622.5544,167,4
2780,143,1681.0857,168,7
2774,194,1863.2136,194,19
2775,164,1857.2854,170,12
2776,97,1831.8196,133,15
2770,158,1739.3708,169,10
2769,211,1746.7214,195,9
2773,104,1786.3767,134,15
2772,161,1806.2316,166,14
2771,186,1805.1284,184,13
2768,203,1741.6187,195,12
2784,140,1717.6713,159,11
2783,144,1687.3234,170,6
2781,44,1670.372,162,8
2766,139,1708.9037,165,7
2782,185,1668.1765,183,10
2777,197,1659.138,183,3
2778,154,1636.1786,170,8
2779,133,1637.7725,151,13
2765,107,1676.9363,148,11
2767,157,1707.5541,170,9
2857,327,1855.1309,216,21
2856,44,1866.6144,152,13
2859,54,1817.7506,149,13
2841,84,1793.4991,176,1
2840,352,1818.1392,188,18
2839,319,1849.3726,221,20
2837,20,1858.6593,162,17
2838,32,1821.3306,157,15
2848,357,1785.5742,182,14
2849,9,1758.7302,174,12
2850,331,1746.6337,195,10
2851,58,1775.316,140,15
2854,323,1759.5024,206,14
2853,53,1748.9133,147,13
1103,78,2208.5618,172,3
1105,64,2199.8125,154,9
1106,105,2204.894,154,9
1104,69,2218.8196,161,6
1115,85,2217.662,157,7
1112,97,2229.7993,143,12
1118,146,2225.641,167,8
1123,125,2230.1655,160,8
1111,181,2239.8267,181,6
1113,177,2250.4016,179,8
1114,96,2233.6309,157,8
1119,119,2210.6265,152,10
1122,118,2226.1584,162,7
1116,213,2184.7021,217,22
1117,291,2167.6492,244,22
1120,104,2162.0737,131,16
1121,113,2209.2764,139,15
1127,224,2214.8452,203,10
1133,137,2231.4023,175,2
1131,163,2211.0237,173,8
1132,242,2223.431,191,4
1130,115,2221.2847,174,2
1126,272,2195.026,198,6
1129,105,2188.4697,126,18
1128,256,2173.1548,225,15
1135,179,2151.3066,180,10
1137,179,2182.861,180,14
1136,212,2180.826,195,9
1134,237,2159.7842,192,4
1125,209,2183.7864,201,13
1124,294,2158.6052,194,5
2725,293,1697.2385,198,6
2724,322,1677.8263,207,14
2723,325,1685.0353,191,6
2722,332,1672.4744,193,8
2726,213,1661.6831,192,7
2721,308,1667.1509,197,7
2727,250,1652.983,203,8
2728,99,1646.933,178,1
2730,263,1630.223,192,4
2729,272,1635.029,184,1
2720,226,1684.9697,188,3
2718,330,1717.1277,217,24
2719,212,1688.515,196,9
2760,102,1876.0867,145,11
2756,190,1854.1964,188,14
2762,154,1855.0399,162,14
2764,198,1820.5956,188,8
2763,164,1823.8185,175,7
2758,179,1837.0278,180,9
2759,191,1834.9382,186,9
2761,211,1846.4943,202,13
2757,191,1830.063,185,8
828,235,2076.733,187,3
829,201,2079.5522,185,4
827,228,2067.1653,188,3
830,208,2088.5984,186,4
831,216,2094.24,188,4
819,265,2101.2205,189,3
822,303,2109.7534,191,4
820,113,2107.7344,174,2
823,71,2104.4624,164,5
824,20,2097.301,180,1
821,69,2101.315,175,2
838,199,2099.9595,183,3
835,203,2087.3838,184,3
836,194,2092.586,184,5
832,131,2072.771,168,5
833,188,2076.582,183,6
837,187,2093.8877,182,4
834,240,2085.9624,190,3
826,45,2096.8506,178,1
825,4,2097.037,180,2
713,332,2027.4246,185,3
712,271,2015.2056,199,6
714,315,2012.7122,191,5
716,305,2003.7517,187,3
715,330,2016.4232,188,5
704,352,1996.7648,182,4
703,24,1999.3479,177,2
705,347,1986.7532,182,3
711,21,1990.5304,176,4
710,326,2008.8843,195,8
709,272,1993.4612,197,5
707,283,2003.751,195,5
702,352,2009.1168,182,4
706,278,2023.7727,203,7
701,308,2025.3612,190,4
717,260,2060.5908,198,6
719,311,2047.0715,197,7
708,347,2027.8062,184,5
720,342,2056.9583,191,11
718,180,2065.5493,180,2
721,29,2062.8872,174,4
679,336,2038.3508,198,14
680,52,2015.0131,134,19
681,40,2002.795,142,19
551,187,2028.868,185,14
548,290,1993.4413,184,1
483,342,1971.9733,183,3
484,2,1971.7166,180,2
487,333,1961.9973,183,2
489,7,1955.0889,179,2
488,7,1956.4387,180,1
485,9,1958.9844,180,1
486,315,1961.1041,186,2
482,14,1965.8937,179,2
491,274,1937.7975,207,9
490,357,1945.7881,181,2
503,321,1957.1204,185,2
500,308,1950.7732,185,2
492,321,1947.2971,183,2
499,39,1945.8032,179,1
502,187,1946.097,181,1
495,275,1941.254,190,3
497,333,1939.0225,184,3
498,50,1936.1147,161,8
197,211,2097.6672,180,0
194,90,2097.967,180,0
191,116,2093.2659,175,2
180,189,2101.124,182,3
182,162,2105.9336,179,2
181,124,2108.7664,178,1
193,157,2099.3276,178,2
179,0,2097.6672,180,0
195,249,2098.9043,186,2
192,71,2102.8982,174,2
196,207,2103.2388,183,2
199,225,2106.5847,183,1
198,237,2103.468,181,0
200,226,2110.7783,182,1
183,0,2110.1675,180,0
190,213,2109.8672,180,0
189,198,2111.5256,182,2
186,0,2110.167,180,0
184,307,2111.5344,184,1
187,27,2107.3618,177,3
185,317,2115.6836,184,2
188,35,2100.1396,174,4
203,90,2140.5674,180,0
205,8,2136.3083,179,3
206,352,2139.217,181,2
228,14,2131.5803,178,3
229,42,2128.6404,175,3
224,344,2126.9229,182,2
207,21,2136.0405,179,1
222,17,2128.2324,179,2
223,297,2125.4202,193,4
225,324,2119.5168,184,2
161,321,2189.2288,187,3
159,313,2206.654,200,9
160,354,2212.6897,182,6
152,349,2209.598,184,6
166,325,2183.497,181,0
168,267,2187.7063,195,5
155,12,2193.0674,174,9
154,278,2177.4978,194,4
158,359,2184.7842,180,4
157,328,2171.8113,184,2
156,319,2164.8052,186,3
153,339,2170.4595,181,1
151,38,2178.6667,171,5
163,296,2174.9033,191,4
164,263,2186.292,193,4
167,256,2193.1792,211,10
165,145,2188.9866,177,2
162,187,2184.08,182,3
201,271,2148.2332,189,3
204,333,2144.358,186,4
226,337,2147.799,188,6
202,359,2153.603,180,2
218,284,2183.7861,224,14
220,323,2172.884,192,6
219,334,2212.6567,204,17
215,30,2213.1492,164,11
217,64,2199.5747,154,9
211,4,2178.8953,179,4
212,7,2170.653,179,4
209,272,2180.0085,198,6
221,294,2182.4854,199,6
210,243,2170.8718,202,8
213,2,2162.474,180,4
227,282,2155.4175,194,4
208,68,2189.0332,170,4
216,69,2190.875,169,4
214,62,2211.739,141,14
170,329,2141.3252,187,4
172,324,2119.146,205,13
171,316,2120.035,227,22
169,3,2119.5503,179,6
173,310,2114.7437,237,24
174,324,2114.979,203,12
175,320,2107.5696,200,10
176,359,2093.6482,180,6
177,347,2084.329,183,4
1815,114,2086.814,176,1
1813,278,2089.849,190,3
1814,16,2082.1448,179,2
1816,299,2076.7888,222,15
1817,12,2083.4336,178,4
1818,297,2072.7144,229,18
1819,0,2070.2275,180,6
178,14,2075.419,179,2
1805,106,2062.9883,138,14
1789,295,2038.8939,226,16
1788,107,2042.0338,152,9
1787,272,2075.9639,221,13
1809,254,2110.1416,187,2
1807,293,2115.9307,186,2
1810,22,2113.5244,179,1
1811,0,2112.8457,180,2
1790,35,2108.0815,175,3
1791,288,2104.6362,203,8
1792,281,2101.9487,201,7
1784,285,2089.2078,206,9
1785,356,2084.3477,182,6
1786,283,2067.9639,232,17
1793,303,2097.4504,190,4
1794,282,2094.688,194,5
1800,101,2094.3765,169,4
1799,58,2088.379,162,7
1801,348,2089.9675,185,6
1803,84,2084.5625,162,6
1804,98,2062.8076,122,19
1802,46,2074.9326,166,6
1798,102,2086.5615,162,6
1796,74,2093.5273,158,7
1795,72,2108.9475,172,3
1797,84,2106.54,172,3
1812,135,2108.3147,171,4
1808,122,2103.4324,153,10
1806,99,2102.384,159,7
2041,217,2096.65,183,2
2043,38,1976.6971,180,0
2044,269,2019.297,180,0
1949,206,2109.9841,187,5
2033,56,2073.8052,165,6
1973,359,2135.5615,180,2
1965,324,2136.5352,190,5
2007,155,2136.9531,169,9
1984,355,2137.4023,183,10
1991,236,2121.542,182,1
1964,333,2172.8018,186,4
1992,320,2161.9258,184,2
1952,11,2208.2979,176,8
2030,242,2231.546,188,3
2029,64,2240.9204,171,3
1958,50,2289.8267,173,3
2028,33,2294.9424,178,1
1957,354,2315.5752,182,6
1961,282,2236.8657,196,5
1983,1,2230.1702,180,5
2031,124,2243.0288,171,4
2032,74,2221.0593,173,2
1979,50,2196.4314,173,3
2035,103,2190.32,178,1
1951,131,2126.318,159,9
2042,46,2098.7136,172,4
1948,272,2159.7932,235,18
1981,83,2222.8652,172,3
1971,7,2215.1096,178,7
1982,247,2271.4832,214,12
1988,284,2261.4053,193,4
1980,201,2359.3555,182,2
1975,132,2333.564,175,2
1990,328,2331.7786,189,5
2469,298,1930.8245,245,24
2468,270,2008.9744,255,27
2477,187,2031.0814,193,33
2470,271,1986.3179,190,3
2471,0,1965.6938,181,36
2476,255,2128.665,255,34
2478,262,2082.964,243,21
2475,220,2070.098,231,26
2474,234,2009.0479,236,22
2473,221,1957.2738,215,17
2472,268,1937.7323,236,18
2462,283,1819.5905,231,17
2479,315,1867.8811,212,15
2480,323,1895.7355,203,12
2483,235,1900.4202,189,4
2467,293,1943.4128,234,19
2465,307,1888.2372,234,22
2482,321,1888.4869,200,10
2481,303,1860.1062,196,6
2464,331,1859.7131,191,7
2466,289,1884.4178,219,13
2463,290,1825.6118,228,17
2500,210,1873.4816,187,4
2505,336,1845.4843,204,19
2503,302,1831.2726,209,11
2502,285,1800.0228,255,29
2497,127,1815.5199,123,23
2498,136,1811.0266,128,25
2504,304,1841.0736,221,16
2499,158,1840.6473,153,24
2496,113,1810.3408,127,19
2509,264,1799.7439,241,20
2488,178,1706.9137,178,23
2490,72,1745.4362,172,3
2489,178,1726.08,179,16
2433,263,1740.0872,231,16
2435,351,1738.5438,191,21
2436,333,1760.5,212,23
2484,108,1780.4634,137,15
2491,231,1774.1233,209,12
2485,123,1786.888,116,25
2486,135,1797.7714,128,24
2445,314,1819.9852,210,13
2444,324,1828.812,222,23
2443,313,1846.1244,229,22
2487,176,1829.4495,175,25
2438,343,1825.8687,200,22
2442,238,1807.2161,244,25
2441,225,1779.2406,188,3
2440,269,1769.5294,226,15
2439,205,1782.4055,197,12
2437,349,1787.245,197,30
2447,275,1807.8391,192,4
2448,214,1815.9272,191,6
2449,279,1829.3623,188,3
2450,240,1840.321,190,4
2454,250,1732.8743,234,19
2458,291,1719.803,230,17
2457,251,1700.026,237,19
2446,232,1793.533,186,2
2461,264,1664.8978,223,14
2460,76,1677.0653,136,15
2459,125,1657.7001,154,10
2451,276,1705.7854,233,17
2455,236,1680.831,220,15
2456,271,1679.685,255,26
2453,292,1725.8268,233,18
2452,197,1731.9856,185,5
2424,268,1693.0234,202,7
2425,257,1697.3679,197,5
2429,86,1661.8458,129,17
2428,243,1654.6493,247,25
2427,288,1648.7666,219,13
2419,219,1724.2769,191,5
2432,190,1693.6929,183,4
2430,177,1685.6991,180,4
2426,139,1696.881,175,3
2431,245,1695.729,188,3
2421,228,1746.3673,193,6
2422,175,1756.6451,179,5
2423,232,1755.4874,182,1
2418,146,1765.5702,173,4
2416,188,1738.4467,183,8
2420,169,1728.6663,171,17
2415,287,1711.9004,223,14
2417,196,1743.1399,190,11
2402,111,1747.2886,122,20
2403,130,1759.9568,145,15
2404,150,1789.5587,153,18
2405,210,1817.8826,191,7
2407,206,1839.8083,187,5
2410,206,1865.2323,187,5
2409,260,1847.3231,227,15
2387,296,1866.3214,225,16
2388,267,1888.6334,233,17
2359,63,2044.7909,130,18
2390,233,1921.2417,218,15
2389,194,1878.6793,188,11
2398,139,1929.696,139,20
2399,187,1904.602,182,4
2401,170,1927.7251,177,7
2400,237,1937.5504,222,16
2397,156,1879.7722,170,8
2396,122,1866.1412,151,11
2414,107,1908.5527,129,17
2412,212,1890.8778,192,7
2413,104,1888.4465,148,11
2408,200,1845.0787,187,6
2411,183,1871.8026,182,6
2395,124,1822.0323,119,24
2394,140,1806.3085,162,9
2393,159,1797.9995,166,13
2406,175,1819.2833,177,12
2392,130,1768.8214,170,4
2391,151,1767.229,167,9
2357,107,1915.3075,171,3
2356,169,1945.5459,167,22
2349,92,1917.3198,104,25
2358,127,1902.9165,166,6
2365,89,1884.4734,141,13
2364,107,1879.3964,165,5
2323,236,1887.9064,207,10
2324,210,1872.5315,194,9
2370,183,1884.8019,184,17
2369,104,1866.4014,162,6
2378,50,1853.7295,176,2
2374,120,1890.6348,168,5
2376,67,1905.5049,152,10
2377,59,1871.3838,141,15
2368,183,1888.4414,182,9
2367,176,1909.6814,177,14
2366,27,1930.2715,167,9
2385,289,1809.6887,219,13
2380,78,1779.5618,161,6
2382,207,1824.4895,197,12
2381,145,1788.54,163,9
2383,147,1811.593,167,8
2371,116,1840.2853,157,8
2386,151,1830.1089,166,9
2384,154,1799.9673,162,13
2372,149,1856.7544,173,4
2373,123,1860.7515,168,5
2375,46,1864.4467,161,8
2340,306,1869.1824,216,14
2341,299,1868.4819,217,14
2332,312,1846.9406,222,18
2333,185,1850.8447,183,11
2314,356,1873.3038,186,24
2315,307,1912.7776,225,18
2339,172,1865.7721,177,8
2338,247,1849.0045,197,6
2310,357,1936.316,183,20
2325,236,1896.266,211,12
2322,273,1892.0702,197,5
2302,238,1901.3186,202,8
2305,281,1940.959,246,22
2304,219,1916.2806,200,10
2303,235,1906.5485,202,8
2301,185,1903.0591,182,5
2300,180,1917.0015,180,5
2351,60,1928.9711,84,38
2350,84,1909.6647,109,23
2363,103,1885.3295,157,8
2355,87,1962.4468,150,10
2354,133,1969.1567,155,11
2353,185,1970.4073,183,12
2352,104,1934.8055,126,18
2360,52,2016.6289,145,14
2361,68,1982.5908,153,9
2362,69,1954.5037,135,16
2299,224,1927.4521,190,4
1993,228,2393.1953,193,6
2017,314,2390.7556,193,6
2039,143,2382.979,164,9
1953,332,2366.201,182,1
2016,148,2394.984,166,9
2040,135,2370.7725,175,2
1987,277,2381.3362,190,3
2018,273,2360.8992,199,6
1978,320,2335.545,183,1
1974,63,2337.0576,173,3
1986,179,2365.5522,180,2
2019,79,2351.7004,166,5
1970,1,2306.9382,180,2
2020,344,2332.232,186,6
1959,108,2274.3042,156,8
1956,4,2302.8918,179,7
1963,89,2348.863,178,1
1954,173,2377.4893,178,5
2308,138,2013.3097,145,17
2307,257,1988.8052,209,9
2306,163,1956.2358,165,17
2311,355,1952.9917,186,22
2312,283,1977.1667,245,21
2345,308,1974.7426,232,21
2334,306,2033.3435,195,6
2346,216,1995.3083,196,8
2327,279,2031.1965,221,13
2326,195,2017.1595,189,11
2309,192,2026.3662,195,23
2328,239,2047.8392,219,15
2329,242,2078.7979,225,16
2347,277,2024.5791,224,14
2343,224,2035.702,200,9
2344,240,2063.0178,222,16
2342,256,2046.5082,221,13
2348,15,2023.1273,175,7
2337,65,2059.9395,149,11
2335,323,2049.9648,190,5
2336,304,2053.5117,196,6
2313,26,2007.5449,167,10
2316,301,1922.2965,235,21
2320,170,1891.7213,173,13
2321,283,1893.166,210,10
2283,300,2031.8698,208,10
2284,212,2060.431,198,11
2285,266,2073.553,225,14
2290,181,2019.3118,181,10
2288,260,2035.6062,213,10
2287,215,2005.7146,200,11
2289,271,2003.7234,206,8
2292,269,1987.467,233,17
2294,213,1950.39,193,8
2293,203,1986.506,196,13
2291,172,2016.8837,174,13
2298,205,1938.6255,199,14
2297,141,1935.5059,148,16
2296,150,1926.8567,159,14
2295,186,1902.5264,184,10
2273,281,1945.0007,220,13
2274,204,1957.4607,194,10
2278,290,1936.6448,216,12
2275,144,1949.1691,151,16
2276,102,1953.6758,131,16
2281,161,1966.5059,167,14
2280,295,1954.3645,206,9
2282,152,1965.0669,164,11
2279,104,1941.8826,111,23
2277,179,1935.2751,179,14
2270,240,2018.647,221,15
2271,223,2028.2029,191,5
2268,241,1991.4282,244,24
2267,163,2013.1436,169,12
2272,216,1956.8223,203,13
2269,335,2026.8591,187,5
2286,283,2115.8235,249,23
2001,325,2302.662,190,5
2258,225,2064.4944,223,20
2256,162,2012.8528,168,14
2216,271,1989.7683,247,22
2215,187,1999.9369,184,9
2255,194,2037.1884,187,10
2257,236,2060.1223,207,10
2238,256,1972.7603,225,15
2239,219,1994.8817,192,6
2234,189,1978.1785,183,6
2229,138,1960.1106,169,5
2233,203,1968.5441,189,7
2228,309,1945.7981,197,7
2227,285,1945.1963,205,8
2232,215,1951.6553,200,11
2237,246,1972.9849,217,13
2231,77,1944.235,154,9
2230,137,1941.5483,166,7
2226,151,1937.8477,166,10
2235,279,1935.3618,212,10
2240,134,1946.0588,146,15
2241,203,1979.6278,190,8
2242,139,1978.1029,135,23
2236,209,1970.854,199,12
2222,149,1914.8169,175,3
2218,172,1919.3828,178,6
2219,216,1925.8969,189,5
2223,135,1926.5652,178,1
2224,146,1938.1605,165,9
2225,305,1944.0978,223,17
2221,245,1930.5657,214,12
2220,205,1927.9025,183,2
2217,91,1915.8794,164,5
2262,117,1945.2603,156,9
2259,210,1982.5027,198,11
2260,187,1981.163,184,11
2261,77,1958.3784,165,5
2212,169,1968.2635,172,13
2213,235,1982.2078,197,7
2209,269,1958.9368,223,14
2210,173,1961.3936,177,8
2208,161,1949.8257,169,11
2211,255,1976.571,197,6
2214,158,1983.7892,175,4
2264,170,1979.9132,175,10
2266,177,1993.4569,180,4
2265,218,1982.5942,194,7
2263,147,1971.137,173,4
2254,172,1955.5352,173,16
2250,184,1977.062,181,4
2247,327,1962.3441,196,9
2248,214,1978.0784,209,17
2246,356,1951.631,181,3
2245,30,1949.7166,151,19
2253,218,1949.9099,203,12
2244,353,1962.3789,189,23
2252,163,1939.9316,170,11
2243,338,1929.9846,195,12
2897,112,1965.4886,165,5
2869,58,1950.415,155,9
2874,103,1941.4451,145,12
2876,302,1942.0144,233,20
2875,106,1952.0356,147,11
2877,301,1927.2606,194,5
2866,9,1968.93,173,16
2863,131,2009.5228,149,13
2864,50,1985.6547,163,7
2862,323,2017.6897,226,25
2861,123,2046.444,141,15
2865,72,1968.7805,163,6
2873,75,1997.5214,159,7
2872,352,2005.8097,183,6
2871,70,2006.2255,153,9
2860,123,2024.3333,148,12
2870,272,1972.2312,213,10
2867,334,1982.3972,189,7
2868,113,1974.5103,123,20
2909,162,1959.8276,174,6
2911,177,1981.6047,179,6
2912,88,1954.5825,148,10
2910,181,1958.2422,181,12
3057,112,1943.3724,154,9
3074,257,1973.103,255,32
3075,275,2035.2449,249,22
3076,267,2063.0928,225,14
3073,201,2017.1487,191,10
3072,125,1995.5034,139,16
3067,72,1937.2466,151,10
3068,186,1958.5986,186,18
3071,166,1967.0302,168,17
3070,213,1926.9877,200,12
3069,179,1900.7782,179,20
3066,60,1959.311,136,17
2319,266,1884.2632,205,8
2318,193,1862.1925,191,15
2317,319,1838.8344,190,5
2331,256,1842.0315,202,7
2330,259,1828.7349,200,6
2379,161,1784.5586,172,9
3163,163,2060.1682,174,7
3164,259,2048.7896,187,2
3167,115,2075.041,146,12
3166,241,2078.9321,196,6
3194,86,2059.081,129,17
3077,325,2057.6946,220,22
3033,309,1914.6245,225,18
3035,284,1911.752,240,20
3036,6,1947.2767,174,18
3034,313,1979.4546,233,24
3040,26,2000.9054,158,17
3045,264,2006.9941,227,15
3049,241,1976.0972,233,19
3048,248,1912.4559,235,19
3046,238,1901.8849,215,13
3042,346,1926.2228,196,22
3044,265,2024.432,247,22
3043,262,1994.2433,245,21
3047,230,1952.4485,238,25
3039,40,2028.8193,143,19
3038,24,2058.5254,157,18
3041,45,1964.3921,137,20
3037,24,1929.217,160,16
3082,263,2014.2737,254,24
3080,291,1997.6775,229,17
3079,271,2035.1667,242,20
3175,105,2057.0803,119,21
3081,257,2053.3853,247,22
3178,128,2032.6462,131,20
3176,3,2025.478,178,14
3181,141,2008.9364,140,21
3179,7,1983.0929,174,18
3013,156,1911.0463,163,13
3014,235,1917.3367,211,12
3009,251,1952.7412,217,12
3015,169,1914.9941,174,10
3182,25,1943.5004,165,11
3017,219,1905.9037,207,14
3018,152,1916.8121,154,18
2999,299,1925.0524,255,30
3003,133,1965.6504,136,20
3020,134,1942.3782,133,21
3019,286,1914.852,241,21
3016,137,1917.3591,146,16
3008,293,1935.7014,251,25
3012,133,1936.517,134,21
3010,146,1965,156,14
3011,184,1951.1332,185,19
3007,276,1951.4108,255,25
3006,306,1950.2212,250,29
3005,174,2035.2712,177,12
3004,205,1979.8816,214,27
3002,250,2034.6443,243,22
3001,256,1999.4664,244,21
3000,304,1963.6155,221,16
3023,230,2152.601,222,17
3028,252,2182.9724,230,17
3027,197,2157.4922,199,21
3025,255,2147.104,211,10
3022,259,2108.2097,223,14
3021,217,2149.6782,187,4
3029,240,2137.3545,231,19
3024,148,2098.1846,154,16
3026,175,2145.2236,177,13
3031,176,2212.4924,175,25
3030,238,2184.4985,222,16
2888,359,2221.1492,181,9
3032,183,2221.5713,184,23
2889,347,2234.7686,195,21
2890,324,2246.9412,214,19
2878,359,2204.3767,181,9
2891,330,2190.974,204,15
2881,354,2164.9253,185,14
2882,299,2180.6477,255,28
2879,330,2216.961,209,18
2880,328,2253.622,214,21
2883,337,2234.228,194,11
2887,5,2180.655,176,14
2886,335,2166.6094,203,18
2885,13,2125.5122,170,15
2884,3,2239.3958,178,15
2934,34,2124.34,174,4
2974,142,2030.1152,137,23
2971,125,2037.9221,138,17
2970,344,2065.7314,191,12
2969,6,2059.1968,178,8
2967,336,2087.8975,206,20
2968,321,2115.3152,234,29
2991,138,2146.0063,167,6
2995,258,2123.299,203,8
2994,270,2105.1929,240,19
2993,254,2119.8347,215,12
2992,318,2123.2522,220,20
2981,125,2091.8318,119,24
2989,187,2110.4092,188,21
2978,149,2073.6995,138,27
2976,117,2074.8203,133,17
2975,284,2037.906,240,20
2977,325,2076.0312,224,25
2988,149,2113.519,164,10
2982,289,2046.3438,251,25
2979,280,2060.887,255,31
2996,315,2121.7637,213,15
2980,317,2059.1184,223,20
2990,231,2122.5452,202,9
2984,132,2100.7844,128,23
2983,308,2091.751,242,26
2986,307,2110.5708,219,16
2998,252,2133.755,237,20
2997,321,2121.6025,212,16
2985,325,2072.8765,224,25
2987,289,2072.0215,242,21
3141,173,2106.5361,174,17
3144,206,2138.3877,200,14
3142,323,2124.953,216,19
3143,293,2151.7646,199,7
3140,302,2139.2153,192,4
3139,328,2109.772,205,15
3136,325,2123.981,199,11
3138,153,2091.8723,159,15
3137,171,2112.271,175,11
3135,124,2100.874,150,12
3133,285,2063.356,237,19
3129,124,2060.7322,142,15
3127,270,2053.615,234,17
3130,279,2090.1365,226,15
3134,277,2117.8967,210,10
3149,134,2119.4531,158,10
3148,143,2098.5122,156,13
3147,101,2095.7546,163,6
3150,171,2128.9639,176,9
3118,181,2104.698,181,14
3120,144,2094.9026,152,16
3111,303,2072.595,221,16
3119,166,2069.0498,166,19
3121,124,2099.1438,141,15
3115,300,2099.6472,228,18
3116,272,2103.5383,228,15
3112,267,2085.329,217,12
3117,268,2134.376,249,23
3113,275,2102.334,231,16
3108,113,2121.763,137,15
3109,123,2130.7314,142,15
3110,123,2133.4563,139,16
3114,250,2130.1313,235,19
3146,224,2161.8545,182,1
3145,238,2149.1511,200,7
3105,244,2163.9143,190,3
3106,133,2162.919,168,5
3107,228,2142.088,206,11
3123,110,2084.3176,148,11
3122,161,2105.4822,172,8
3124,197,2131.3398,190,10
3085,168,2081.8716,175,7
3266,197,2086.207,183,3
3083,137,2077.6006,163,8
3084,104,2070.2812,167,4
3271,96,2078.1042,161,6
3265,187,2079.056,181,3
3262,165,2069.2012,176,5
3264,290,2070.455,215,12
3261,274,2047.5026,222,14
3259,249,2060.4023,190,3
3260,147,2048.0908,176,2
3263,192,2066.044,183,4
3252,190,2045.7197,182,2
3253,191,2053.7876,182,3
3255,127,2035.7456,163,7
3251,169,2025.7185,174,11
3250,207,2026.9683,194,9
3249,103,2028.993,170,3
3125,91,2073.603,164,5
3126,114,2083.928,145,12
3132,121,2105.2393,155,10
3131,234,2114.0784,196,6
3128,153,2107.4429,174,4
3193,1,1936.618,180,13
3192,352,1943.1245,185,11
3191,264,1921.4974,221,13
3190,19,1967.848,158,22
3153,171,1980.2725,177,6
3152,131,1971.8545,170,4
3151,85,1969.6493,143,12
3204,57,2067.755,144,14
3155,151,2006.8196,160,13
3154,75,2018.3239,137,14
3205,84,2027.3882,124,18
3206,58,2000.8171,138,16
3207,68,2014.6508,124,20
3183,79,1980.3363,124,18
3199,262,2009.7064,239,19
3156,20,2032.4172,166,14
3157,111,2002.9401,137,15
3202,288,2019.6416,235,19
3203,85,2026.3256,147,11
3189,9,1952.265,171,19
3188,28,1961.0264,158,15
3187,302,1941.9067,233,20
3201,273,1950.1813,234,17
3200,273,1990.7595,252,24
3184,72,1978.921,130,17
3185,51,1957.9636,131,21
3186,39,1925.6257,138,21
3180,53,1991.6447,160,8
3177,25,2020.0402,162,14
3174,160,2024.1165,159,20
3173,192,2032.0653,192,19
3171,79,1999.7642,131,16
3198,143,2040.9541,151,16
3170,177,2034.3661,179,10
3172,154,2054.5818,152,21
3197,163,2056.1355,164,18
3078,354,2041.4198,185,13
3195,170,2071.4434,173,14
3196,134,2022.2057,148,14
3169,244,2090.6545,211,11
3168,143,2069.7036,162,10
3165,245,2057.1562,210,10
3158,82,2047.6167,146,11
3160,183,2032.2571,181,5
3159,113,2073.3896,146,12
3162,99,2030.8788,164,5
3161,221,2050.33,211,15
3246,331,1834.7329,192,8
3240,335,1847.5376,185,3
3241,11,1847.222,178,3
3245,295,1847.9049,193,5
3238,1,1859.6096,180,6
3239,5,1860.2498,179,5
3243,11,1845.7917,179,3
3242,356,1846.3328,181,2
3247,282,1841.492,180,0
3244,359,1845.7012,180,3
3248,248,1843.5022,221,14
3234,187,1885.171,182,4
3235,206,1888.6245,184,2
3237,18,1887.7788,178,3
3236,73,1889.5631,166,5
3323,199,1958.3844,198,17
3309,248,2033.8785,191,4
3325,278,2006.7776,243,21
3324,227,1970.7217,201,9
3315,191,2024.6461,183,4
3319,131,2026.6172,168,5
3320,225,2036.4513,185,2
3318,309,2036.7932,184,1
3317,178,2035.5394,180,4
3316,167,2034.4962,179,2
3314,228,2036.5237,184,1
3313,191,2028.3591,183,4
3312,55,2027.6969,170,4
3294,37,1994.533,165,8
3297,21,1973.5955,174,6
3293,19,2009.0084,174,6
3292,29,2012.2234,173,5
3296,70,1989.9312,156,8
3295,76,2013.5297,162,6
3298,57,1989.9756,164,6
3307,218,1968.5889,198,9
3306,192,1948.8682,181,1
3299,66,1968.7666,151,10
3321,277,2031.0359,184,1
3231,98,1965.9106,148,10
3230,270,1977.8647,190,3
3228,250,1980.0819,184,1
3227,295,1962.4656,212,11
3226,263,1972.1077,209,9
3222,133,1971.4517,170,4
3225,54,1956.3225,160,8
3221,245,1959.1123,199,7
3224,38,1974.8798,179,1
3219,298,1959.2623,197,6
3220,231,1960.0149,187,3
3223,39,1964.4492,176,2
3233,70,1978.7166,178,1
3218,325,1978.0402,204,13
3216,145,1977.2378,167,7
3213,179,1953.797,180,10
3232,219,1946.9358,215,18
3211,51,1942.3472,149,13
3214,224,1961.2803,197,8
3212,293,1938.1997,197,6
3209,84,1937.5488,117,21
3208,236,1924.3309,193,5
3229,103,1966.9275,157,7
3210,270,1949.9178,219,12
3215,285,1950.9353,203,7
3217,281,1962.6494,210,10
3308,191,1955.1714,186,9
3281,159,1987.124,179,2
3280,102,1980.0759,153,9
3274,140,1984.9369,163,9
3279,0,1974.165,180,0
2944,0,1974.165,180,0
3278,0,1974.165,180,0
3303,256,1991.21,213,11
3304,2,2002.7999,180,2
2950,327,1994.8275,207,16
2956,286,2001.6724,199,6
2949,16,1986.965,180,0
2955,0,1986.065,180,0
2954,40,1999.1455,169,6
2953,283,1990.053,195,5
2952,340,1988.314,188,7
2951,318,1974.1859,185,2
2945,220,1975.6371,182,1
2946,142,1977.4984,176,2
3275,134,1999.7488,156,11
2947,278,1980.688,189,3
2948,22,1986.2129,180,0
3277,130,1996.5544,150,13
3276,143,1991.8584,154,14
3302,346,2002.1555,183,4
3305,215,1973.8606,200,11
3291,283,1987.0214,197,6
3289,297,1976.1716,202,8
3287,263,1971.5598,213,10
3288,258,1999.1436,200,6
3290,292,2005.672,206,9
3301,214,2002.1254,191,6
3300,308,1996.1184,199,8
3286,231,1975.8247,195,6
3311,335,2032.1948,183,2
3310,301,2036.1908,187,3
3322,160,1992.3633,161,18
3334,180,1953.7416,180,3
3335,119,1946.1775,168,4
3338,147,1936.9078,173,4
3327,62,1854.7242,174,2
3329,147,1874.6725,172,5
3330,139,1896.0911,171,5
3333,200,1913.9601,187,6
3332,173,1922.3005,179,4
3336,157,1924.7491,175,4
3337,176,1930.3625,180,2
3331,199,1897.6074,186,5
3328,181,1857.9989,181,4
3326,0,1854.832,180,0
3283,144,2031.8408,171,5
3282,72,2019.7693,148,11
3257,325,2029.1372,193,7
3256,169,2018.6295,178,4
3258,176,2038.9813,179,8
3254,145,2059.4058,171,5
3284,143,2045.3013,170,6
3285,132,2063.6274,174,3
3267,55,2064.3398,174,2
3268,55,2060.9907,171,4
3269,52,2048.8718,165,6
3270,74,2036.3473,170,3
3090,229,2032.0282,184,2
3089,217,2029.469,184,2
3093,223,2037.1359,190,5
3096,172,2051.7673,178,5
3094,210,2046.1058,196,10
3095,227,2050.9749,190,4
3097,12,2044.6461,179,3
3098,150,2045.6709,177,2
3091,156,2039.6267,175,4
3092,97,2048.7263,171,3
3101,228,2048.7725,190,4
3273,97,2044.4685,176,1
3272,86,2052.0386,162,6
3102,254,2048.4375,187,2
3103,51,2060.4126,175,2
3104,103,2075.38,172,3
3087,227,2066.8418,206,11
3100,68,2073.9714,171,3
3086,192,2062.2087,185,7
3099,53,2061.7725,177,1
3088,209,2073.087,182,1
2957,16,2107.5645,159,26
2958,25,2085.6921,158,17
2960,57,1988.338,137,17
2959,34,2046.0076,142,23
2965,355,2038.8441,185,17
2964,72,2041.4641,151,10
2966,353,2068.3582,185,12
2963,127,2061.8774,148,13
2962,359,1955.4121,181,9
2961,57,1960.6547,144,14
2972,12,2036.048,171,15
2973,354,2013.0771,185,17
2935,65,2088.1924,126,20
2936,27,2060.726,157,17
2937,105,2023.203,142,13
2939,62,1993.2971,132,18
2938,23,2031.9348,170,9
2941,45,1995.4312,159,10
2943,51,1954.2134,164,7
2942,346,1969.7241,187,9
2940,98,1950.0833,159,7
2917,286,1971.3976,255,28
2919,252,2013.2034,233,18
2921,216,1952.1195,204,13
2920,234,2010.8594,226,18
2918,289,2035.0088,230,17
2091,16,2323.651,179,1
2062,324,2279.9163,206,14
2135,5,2283.5728,175,19
2090,41,2307.4016,178,1
2106,346,2178.5261,184,5
1995,1,2263.4897,180,3
1996,129,2241.0889,169,5
1997,33,2286.1108,177,2
1955,247,2305.539,181,0
1945,125,2289.17,174,3
2929,21,2128.3599,160,19
2928,278,2102.5464,248,22
2927,283,2102.0264,239,20
2926,313,2089.578,233,24
2925,331,2045.9084,211,20
2924,275,2034.2592,211,10
2931,269,2011.079,239,19
2932,283,2005.9146,200,7
2933,290,2039.2664,203,8
2930,287,1969.6384,205,8
2923,272,1996.6866,207,9
2922,272,1957.4529,236,18
3063,171,1903.2394,176,8
3062,142,1911.1099,165,8
3050,315,1912.4132,203,11
3051,289,1912.3401,199,6
3059,136,1948.2725,161,9
3064,180,1940.7555,180,10
3065,151,1921.0576,170,7
2903,212,1949.4355,196,9
3054,38,1950.9025,173,4
3061,355,1933.9598,184,13
3060,273,1944.0275,213,10
3052,144,1917.808,164,9
3053,111,1929.584,151,10
3055,290,1948.0322,184,1
2895,214,1949.361,194,8
3056,265,1947.8442,192,4
3058,103,1939.1952,154,9
2896,137,1956.9941,166,7
2899,270,1971.473,194,4
2894,228,1966.196,198,8
2892,255,1964.0344,188,3
2893,153,1970.2502,173,5
2907,179,1976.2968,180,1
2904,270,1961.0376,207,8
2902,94,1956.8403,173,2
2905,183,1965.3534,182,10
2908,229,1973.6323,197,7
2906,106,1966.9912,142,13
2915,230,2046.8181,205,10
2916,267,2026.0057,218,12
2914,247,2010.8508,206,9
2913,262,1988.1892,196,5
2898,214,1960.396,193,7
2900,228,1968.566,191,5
2901,279,1974.3038,218,12
2249,191,1999.1237,189,14
2251,148,1995.3807,167,8
2011,0,2311.339,180,0
2013,106,2323.9072,175,2
1972,161,2304.527,179,1
2014,308,2324.0452,184,2
2003,66,2322.919,176,2
2002,0,2329.6392,180,0
1967,227,2326.8857,189,4
2012,70,2299.5022,141,13
1969,7,2335.7998,179,2
1950,345,2313.8572,182,2
1968,346,2280.9487,184,5
2023,73,2314.3677,170,3
2015,248,2316.6692,184,1
2021,23,2274.0881,175,4
2022,263,2267.7065,232,17
1989,321,2267.5854,203,11
2000,34,2232.4863,157,13
2006,26,2133.624,166,10
1999,339,2141.9155,194,12
2010,77,2171.9033,164,5
2009,293,2216.6318,191,4
2008,156,2253.1487,173,6
2005,303,2245.1602,195,6
2024,293,2278.9807,192,4
2004,153,2305.2437,177,2
2025,63,2212.3704,164,6
1946,96,2199.472,170,3
1960,268,2188.7388,184,1
2027,162,2165.2534,179,1
2026,250,2168.2021,193,4
1994,100,2163.9988,131,16
1998,324,2141.7622,208,15
2038,236,2072.7073,195,6
1976,74,2113.0571,170,4
1966,285,2146.321,185,2
2076,115,2007.708,169,4
2055,153,2027.9302,158,16
1977,323,2052.5928,188,4
1947,64,2045.5127,178,1
2049,133,2076.1182,170,4
2063,167,2035.532,176,6
2050,59,2050.6492,177,1
2099,85,2054.6824,142,12
2085,59,2088.386,165,6
2065,331,2084.1716,185,3
2073,174,2073.9646,179,3
2075,65,2065.295,158,8
2084,81,2086.3408,158,7
2070,315,2110.5117,184,2
2137,15,2121.0186,179,2
2083,254,2333.1777,184,1
2078,23,2148.8015,178,2
2108,352,2134.642,180,0
2082,334,2121.935,181,1
2093,90,2113.9702,174,2
2064,235,2098.4143,181,0
2069,184,2087.908,180,1
1985,69,2176.8904,157,8
2077,296,2248.305,191,4
2045,314,2286.2102,226,21
2136,55,2312.595,149,12
2098,152,2317.0305,179,1
2079,135,2257.933,177,1
2109,281,2170.738,195,5
2072,146,2186.1768,173,4
2133,293,2190.409,206,9
2060,298,2149.9578,190,4
2052,172,2207.2808,179,4
2081,267,2217.768,192,4
2138,287,2175.1616,201,7
2067,262,1979.7809,189,3
2112,0,2018.1711,180,5
2086,169,2084.753,179,1
2092,3,2144.88,180,1
2134,72,2116.2642,153,9
2088,240,2056.0403,212,12
2096,89,1988.146,179,0
2111,96,1983.2163,167,4
2087,331,1994.301,186,4
2089,177,1926.9005,179,6
2054,232,1982.0869,184,2
2080,49,2036.7756,178,1
2068,0,2048.877,180,0
2104,0,2012.577,180,0
2102,31,2010.3297,179,1
2101,351,2014.0154,182,4
2051,270,2048.277,181,0
2110,0,2073.277,180,0
2095,79,2052.1492,169,4
2103,78,2073.4194,176,1
2074,267,2046.2218,200,6
2066,282,2012.8452,183,1
2059,20,2027.9525,176,4
2046,121,2041.603,166,5
2056,43,2020.0703,174,3
2057,18,2030.4794,177,3
1962,170,2060.0044,180,1
2036,337,2080.1572,181,1
2034,3,2048.939,180,1
2037,312,2035.0991,187,3
2053,356,2028.341,182,9
2123,41,1963.8091,178,1
2120,156,1983.3561,179,1
2124,18,1984.732,176,4
2122,46,1994.4325,174,3
2047,182,1981.8054,182,16
2105,60,1964.2156,178,1
2094,107,1969.5441,173,2
2097,31,2134.0515,163,11
2139,14,2051.2195,177,5
2058,182,2069.6245,181,3
2061,174,1999.513,180,2
2071,328,2122.1814,191,6
2114,184,2121.7388,182,7
2126,77,2087.3132,163,6
2119,207,2122.7048,181,1
2117,20,2076.6714,175,5
2127,56,2054.023,153,11
2121,310,2041.6772,202,9
2130,19,2023.0211,174,7
2113,15,2001.0051,176,5
2129,37,1995.53,174,3
2100,249,1976.009,181,0
2118,78,1964.0509,176,1
2115,128,1979.884,179,1
2140,26,2020.7981,174,5
2048,267,1970.7877,185,1
2125,319,1965.3647,190,5
2107,62,1971.4238,177,1
2132,46,1966.1117,169,5
2131,61,1982.4703,174,2
2128,332,1944.9031,183,2
2116,62,1962.4048,173,3
1850,30,2147.9702,146,22
1889,148,2234.7798,144,22
1907,36,2345.468,170,6
1916,320,2305.0059,199,9
1924,355,2323.23,184,13
1925,234,2352.3716,216,14
1918,232,2382.5696,184,1
1894,288,2415.0864,205,8
1912,353,2378.9868,184,11
1875,230,2361.5674,235,23
1873,177,2551.6365,178,13
1821,97,2525.005,178,1
1874,13,2447.5056,165,22
1917,251,2401.9272,205,8
1911,222,2466.0986,197,8
1922,258,2421.631,185,2
1906,219,2471.5342,239,31
1893,318,2670.02,186,3
1827,227,2635.6748,202,10
1843,287,2779.0095,191,4
1895,219,2772.073,196,8
1872,49,2753.6929,152,12
1897,328,2573.0508,187,4
1866,281,2553.4062,222,14
1852,316,2466.4556,209,13
1823,31,2605.959,177,2
1849,296,2626.4006,226,16
1822,271,2594.8306,182,1
1859,324,2630.3655,182,1
1828,58,2667.901,176,2
1825,100,2669.6582,174,2
1824,338,2664.4648,181,0
1886,335,2696.4634,199,14
1820,279,2603.2666,193,4
1867,295,2658.2026,186,2
1877,211,2650.175,185,3
1844,83,2724.0276,160,6
1845,123,2742.829,162,7
1870,286,2711.531,199,6
1851,28,2707.0054,174,4
1833,274,2694.816,231,16
1832,123,2664.2383,161,7
1887,249,2700.6814,217,13
1837,256,2778.3833,192,4
1862,174,2784.439,180,1
1831,114,2727.9976,134,16
1858,323,2727.8691,195,8
1882,196,2755.9497,185,6
1863,210,2691.9758,194,9
1871,206,2688.2246,201,16
1861,355,2695.6013,181,2
1869,305,2708.375,197,6
1868,42,2720.317,174,3
1857,9,2696.0718,177,6
1898,230,2607.1345,190,4
1923,155,2548.9365,156,18
1864,308,2648.2947,200,8
1838,229,2782.4524,207,12
1888,168,2716.845,171,14
1919,267,2443.269,198,6
1899,48,2523.8262,125,24
1900,67,2515.5776,176,1
1929,277,2558.113,255,27
1839,346,2782.3364,181,1
1865,245,2792.9211,185,2
1876,114,2756.3362,143,13
1829,342,2235.4473,193,13
1841,281,2190.1655,206,8
1842,85,2261.206,135,14
1901,340,2385.7573,195,14
1854,118,2345.9524,160,7
1834,116,2280.52,164,6
1940,52,2469.5615,152,12
1935,83,2436.1772,114,22
1890,269,2404.1152,183,1
1941,235,2475.7483,198,7
1937,256,2493.1047,233,18
1942,320,2547.8103,198,9
1943,87,2526.6216,170,3
1826,293,2492.0208,219,14
1884,27,2532.7207,168,8
1934,59,2574.0156,172,3
1932,120,2570.0442,162,7
1931,273,2541.6023,191,4
1944,227,2550.22,182,1
1933,226,2556.8665,191,5
1927,272,2544.4072,202,7
1930,223,2591.9783,200,9
1926,47,2514.6318,167,6
1936,350,2552.2146,181,1
1835,13,2479.4792,178,3
1856,83,2477.309,164,5
1836,339,2479.4004,185,4
1892,93,2496.8184,166,5
1928,348,2538.787,185,8
1938,221,2586.273,190,5
1939,253,2587.1235,205,8
1909,38,2500.394,164,9
1920,247,2263.7776,222,15
1915,3,2507.3364,178,12
1846,228,2503.4324,183,1
1902,17,2500.7017,176,5
1913,70,2512.5173,172,3
1908,330,2454.0752,183,2
1914,82,2464.8318,159,7
1855,196,2411.181,186,7
1904,39,2228.3638,162,10
1903,227,2232.7195,203,10
1881,156,2272.2314,179,1
1880,293,2234.541,191,4
1891,335,2234.7964,180,0
1879,345,2232.8936,181,1
1885,190,2251.3723,190,19
1905,31,2245.8005,166,9
1883,201,2290.564,192,11
1921,13,2351.1387,175,7
1910,126,2209.1575,143,15
1848,208,2355.1904,183,2
1830,179,2442.1199,180,4
1860,209,2367.9563,202,14
1840,57,2354.523,148,12
1853,352,2329.0977,183,7
1847,332,2337.6167,203,15
1878,132,2261.8296,141,17
1896,80,2276.1948,151,9
