"PLOT_ID","X_albers","Y_albers","X_UTM","Y_UTM","Site","Forest","dbhThreshcm","PlotSizeAcres","PlotSize","RandomUniform","fpc","Elev_Class","CC_Class","Stratum","DOM_TYPE","Dom_Type_Label","Secondary_Label","LifeForm","ForestType","TCUFT","STBIOMS","Elev_ave","Elev_mode","Elev_stddev","Elev_variance","Elev_CV","Elev_IQ","Elev_skewness","Elev_kurtosis","Elev_AAD","Elev_MAD_median","Elev_MAD_mode","Elev_L2","Elev_L3","Elev_L4","Elev_LCV","Elev_Lskewness","Elev_Lkurtosis","Elev_P01","Elev_P05","Elev_P10","Elev_P20","Elev_P25","Elev_P30","Elev_P40","Elev_P50","Elev_P60","Elev_P70","Elev_P75","Elev_P80","Elev_P90","Elev_P95","Elev_P99","Pct_first_returns_above_ht","Pct_all_returns_above_ht","all_returns_above_ht_div_Total_first_returns_x_100","First_returns_above_ht","All_returns_above_ht","Pct_first_returns_above_mean","Pct_first_returns_above_mode","pct_all_returns_above_mean","pct_all_returns_above_mode","All_returns_above_mean_div_Total_first_returns_x_100","All_returns_above_mode_div_Total_first_returns_x_100","First_returns_above_mean","First_returns_above_mode","All_returns_above_mean","All_returns_above_mode","Total_first_returns","Total_all_returns"
"0301010020460012_0001",-1214396.39524,-343092.823906,663865.302994162,3727865.61999977,"fourFri, P2","Apache",12.75,0.1,"1/5th Acre",0.997186819557101,88551,95,33.286589,9999,"2TD","Deciduous tree mix","none","Deciduous ","update",0,4.495817661,9.549714,2.01,5.233102,27.385357,0.547985,9.38,0.167074,1.736983,4.590525,4.63,7.19,3.012692,0.156516,-0.0649,0.315475,0.051952,-0.021542,2.04,2.2,2.542,4.084,4.83,5.532,7.2,9.2,11.233999,13.254,14.21,15.168,16.886,17.886,19.196401,11.47674,11.827957,13.388027,1273,1485,6.725568,13.460151,6.531262,13.612107,7.392715,15.407501,746,1493,820,1709,11092,12555
"0301010020660008_0001",-1229710.88132,-350950.358468,649862.294301705,3717792.44892741,"fourFri, P2","Apache",12.75,0.2,"1/5th Acre",0.705458275042474,53706,90,20.552406,9999,"2TD","Deciduous tree mix","none","Deciduous ","update",0,64.57025909,22.825494,28.513016,9.614691,92.442291,0.421226,14.129999,-0.39694,2.281831,7.993369,7.030001,6.866985,5.480571,-0.534772,0.345974,0.240107,-0.097576,0.063127,2.1676,4.63,8.217999,14.29,16.5,18.049999,21.053999,23.84,26.817999,29.16,30.629999,31.778,34.639999,36.671997,38.59,19.146551,22.93698,28.831926,2562,3858,10.627008,7.600329,12.580262,7.901308,15.813467,9.931993,1422,1017,2116,1329,13381,16820
"0301010020660039_0001",-1230129.41766,-349582.471486,649231.490196852,3719068.05717923,"fourFri, P2","Apache",12.75,0.1,"1/5th Acre",0.686614322243258,53706,106,19.82348,9999,"2TD","Deciduous tree mix","none","Deciduous ","update",45.49999619,1.060593605,3.365712,2.308413,1.27889,1.63556,0.379976,1.4,2.083171,9.577975,0.937433,0.6,0.671587,0.637856,0.204039,0.107664,0.189516,0.319883,0.168791,2.03,2.11,2.21,2.39,2.48,2.57,2.76,2.98,3.25,3.63,3.88,4.17,5.08,5.68,8.6584,26.546046,25.136394,26.701534,3756,3778,19.888331,45.911372,18.789088,43.632735,19.959008,46.349565,2814,6496,2824,6558,14149,15030
"0301060061320008_0001",-1227222.72593,-313820.660531,646514.569903588,3754585.5376631,"fourFri, P2","Apache",12.75,0.1,"1/5th Acre",0.0260138479061425,53706,90,23.989374,9999,"ABCO_POTR5","white fir","aspen","Deciduous_Mix","update",841,33.69029999,13.85754,18.467777,5.187982,26.915159,0.37438,8.000001,-0.423319,2.252124,4.33077,3.799999,3.937778,2.953501,-0.322739,0.172099,0.213133,-0.109273,0.058269,2.49,4.22,5.963,8.82,10.11,11.3,13.17,14.76,15.98,17.361,18.110001,18.719999,20.056999,21.049999,22.57,66.108751,52.03079,97.629567,7781,11491,46.525064,21.401869,29.182703,11.799864,54.757859,22.141037,5476,2519,6445,2606,11770,22085
"0301060060450003_0001",-1235613.15141,-294091.735474,0,0,"fourFri, P2","Apache",12.75,0.1,"1/10th Acre",0.761650561820716,105021,101,67.146499,9999,"ABLA_PSME",NA,NA,NA,"update",4559.999512,76.58786011,15.145342,3.050635,8.127742,66.060195,0.53665,13.950001,0.10334,1.852507,7.043553,6.93,11.859365,4.685003,0.128468,0.009966,0.309336,0.027421,0.002127,2.29,3.1,3.988,6.746,8.23,9.29,11.952,14.91,18.09,20.559999,22.18,23.33,26.139999,27.916,30.690001,86.100108,74.455246,119.967591,4782,6663,51.836514,85.830032,38.194212,74.142362,61.541232,119.46345,2879,4767,3418,6635,5554,8949
"0301010010440004_0001",-1195758.35803,-324522.624513,679503.477474607,3748964.0741634,"fourFri, P2","Apache",12.75,0.1,"1/5th Acre",0.98798813088797,105021,95,55.521028,9999,"JUDE2_PIED",NA,NA,NA,"update",383.5,9.789798737,4.953549,4.268889,1.84692,3.411114,0.372848,2.2025,1.03382,4.091419,1.423197,1.07,1.051111,1.002308,0.185532,0.154362,0.202341,0.185105,0.154006,2.11,2.45,2.87,3.46,3.6475,3.84,4.22,4.61,5.05,5.56,5.85,6.24,7.4,8.83,10.5346,23.578669,20.629764,24.254444,3210,3302,11.11356,15.75584,9.702612,13.776084,11.407375,16.196562,1513,2145,1553,2205,13614,16006
"0301010020460001_0001",-1213186.77796,-342640.834084,664999.672793402,3728500.44615517,"fourFri, P2","Apache",12.75,0.1,"1/5th Acre",0.215973814483732,105021,90,64.699913,9999,"NVG",NA,NA,NA,"update",0,8.232757568,16.583796,20.069524,6.606444,43.645106,0.398367,10.175,-0.054468,2.070147,5.684577,5.115,5.635,3.798336,-0.050667,0.149272,0.229039,-0.013339,0.039299,3.1303,6.2345,7.733,10.242,11.485,12.208,14.18,16.870001,19.368,20.99,21.66,22.618,25.385,27.118502,29.1688,10.562233,11.588483,13.159503,1037,1292,5.642697,4.196374,5.991569,4.269441,6.80383,4.848238,554,412,668,476,9818,11149
"0311010020070016_0001",-1222919.71635,-334739.802143,0,0,"fourFri, P2","Apache",12.75,0.1,"1/5th Acre",0.423350635450333,88551,107,27.457769,9999,"NVG",NA,NA,NA,"update",263.5,5.777275085,7.978004,9.202698,2.537417,6.438487,0.318052,3.8925,-0.262983,2.232993,2.101848,1.83,1.762698,1.448481,-0.104775,0.096623,0.181559,-0.072334,0.066706,2.6961,3.61,4.16,5.384,5.9775,6.712,7.628,8.32,8.93,9.539,9.87,10.24,11.13,11.74,12.8013,23.103803,20.813727,24.850976,3372,3627,14.134978,9.11271,11.838632,7.632274,14.134978,9.11271,2063,1330,2063,1330,14595,17426
"0301010011440021_0001",-1231299.41205,-332808.216597,645439.448094386,3735335.18839053,"fourFri, P2","Apache",12.75,0.2,"1/5th Acre",0.167116023600101,105021,90,55.664145,9999,"NVG",NA,NA,NA,"update",0,20.06839371,19.639245,26.308571,7.810425,61.002741,0.397695,11.8475,-0.53217,2.211875,6.563704,5.450001,5.18857,4.42277,-0.635588,0.195049,0.225201,-0.143708,0.044101,3.3774,4.6655,7.094,12.068001,14.202499,15.87,18.882,21.15,23.274,25.360001,26.049999,26.746,28.882999,29.93,31.1263,29.217958,29.931608,40.405503,1614,2232,19.225199,9.341057,17.124849,7.040365,23.117306,9.503983,1062,516,1277,525,5524,7457
"0301010020570028_0001",-1231091.24766,-348772.749425,648149.39729507,3719712.86063884,"fourFri, P2","Apache",12.75,0.1,"1/5th Acre",0.846661809831858,88551,95,34.921541,9999,"NVG",NA,NA,NA,"update",0,10.26760769,11.255827,12.651269,4.350097,18.923344,0.386475,6.7625,-0.062742,2.16405,3.66672,3.35,3.37127,2.498792,-0.053941,0.131358,0.222,-0.021587,0.052569,2.5283,4.0115,5.17,6.986,7.8275,8.648999,10.04,11.42,12.868,13.971001,14.59,15.26,16.92,17.940001,19.959999,24.684473,23.19162,29.6742,2523,3033,14.665884,12.396047,12.043126,9.940358,15.409451,12.718912,1499,1267,1575,1300,10221,13078
"0301060061470022_0001",-1211857.02084,-335010.396309,665128.61949254,3736188.40423064,"fourFri, P2","Apache",12.75,0.1,"1/5th Acre",0.712891407078132,105021,101,60.403082,9999,"NVG",NA,NA,NA,"update",1012.999939,23.74941063,15.04358,13.986032,3.607771,13.016013,0.239821,4.782501,-0.431536,3.321101,2.842554,2.385,2.476032,2.017366,-0.111935,0.264839,0.134101,-0.055486,0.131279,4.5258,8.553,10.72,12.336,12.907499,13.389,14.2,15.055,15.96,17.09,17.690001,18.27,19.626999,20.428501,22.261299,34.818397,29.697974,40.570017,3384,3943,19.672806,23.97366,14.88288,18.709046,20.33131,25.558185,1912,2330,1976,2484,9719,13277
"0301010011310002_0001",-1209874.01618,-331576.211975,666561.902270438,3739864.3014221,"fourFri, P2","Apache",12.75,0.1,"1/5th Acre",0.313427716027945,105021,98,59.483929,9999,"NVG",NA,NA,NA,"update",0,4.244455338,8.59951,8.39619,3.085019,9.517341,0.358744,4.4175,0.316881,2.484844,2.509237,2.205,2.20619,1.756774,0.112683,0.151288,0.204288,0.064142,0.086117,3.2905,3.98,4.53,5.69,6.1925,6.73,7.67,8.53,9.24,10.095,10.61,11.23,12.99,14.1675,15.8595,25.046007,21.78396,27.475156,4083,4479,13.004539,13.685437,10.719323,11.307816,13.519814,14.262054,2120,2231,2204,2325,16302,20561
"0301010020660015_0001",-1230264.24005,-350329.811488,649216.169684973,3718313.02710108,"fourFri, P2","Apache",12.75,0.2,"1/5th Acre",0.632672434672713,53706,106,21.110767,9999,"NVG",NA,NA,NA,"update",0,9.705586433,8.166774,8.924762,2.551569,6.510506,0.312433,3.699999,0.027527,2.465005,2.098293,1.83,1.874762,1.456452,-0.011076,0.120353,0.178339,-0.007605,0.082634,3.18,3.96,4.61,5.75,6.28,6.7,7.56,8.28,8.96,9.62,9.98,10.41,11.41,12.19,14.0513,38.321384,30.06763,42.695521,11652,12982,21.933171,17.355127,15.652214,12.340189,22.225876,17.522857,6669,5277,6758,5328,30406,43176
"0301010011310015_0001",-1209731.56724,-332150.827759,666792.49772323,3739322.56005013,"fourFri, P2","Apache",12.75,0.2,"1/5th Acre",0.967017277376726,88551,34,33.052378,9999,"NVG",NA,NA,NA,"update",484,10.50735569,10.862778,13.05,4.196442,17.610123,0.386314,6.5,0.083507,2.090708,3.562164,3.26,3.57,2.414131,0.042897,0.110724,0.222239,0.017769,0.045865,3.404,4.21,5.1,6.87,7.49,8.14,9.46,10.8,12.31,13.35,13.99,14.79,16.58,17.83,19.49,24.737768,23.350646,29.750088,3514,4226,13.896515,9.764168,11.559288,7.862747,14.727209,10.017599,1974,1387,2092,1423,14205,18098
"0301060061620007_0001",-1226524.7701,-321591.544998,648430.784576726,3747071.9085503,"fourFri, P2","Apache",12.75,0.1,"1/5th Acre",0.300431850366294,53706,101,23.503161,9999,"NVG",NA,NA,NA,"update",0,16.85848427,12.987294,10.055714,7.334182,53.790225,0.56472,10.835,0.544375,2.267278,6.129432,5.27,4.894286,4.150697,0.595016,0.204226,0.319597,0.143353,0.049203,2.3766,3.36,4.246,6.02,6.975,7.93,9.73,11.52,13.846001,16.222,17.809999,20.727999,24.110001,26.889999,29.3134,20.323793,20.205856,25.052658,4921,6066,9.59402,12.513939,9.213551,12.151494,11.423615,15.066287,2323,3030,2766,3648,24213,30021
"0301010020680006_0001",-1228333.2494,-350788.283602,651208.80759606,3718165.71073226,"fourFri, P2","Apache",12.75,0.1,"1/5th Acre",0.739236863097176,105021,95,67.010514,9999,"NVG",NA,NA,NA,"update",0,32.12434006,15.905156,17.648095,5.234723,27.402322,0.329121,7.780001,-0.463348,2.467969,4.308938,3.76,3.59,2.970251,-0.322447,0.231699,0.186748,-0.108559,0.078006,3.6535,5.97,8.22,11.27,12.25,13.38,15.15,16.610001,17.92,19.35,20.030001,20.74,22.255001,23.33,24.7965,43.602787,38.077066,61.420083,10200,14368,30.132946,24.285043,21.153337,16.205544,34.121318,26.140298,7049,5681,7982,6115,23393,37734
"0301010020410012_0001",-1210384.23355,-340758.670531,0,0,"fourFri, P2","Apache",12.75,0.2,"1/5th Acre",0.83307293150574,105021,102.400002,50.837395,9999,"NVG",NA,NA,NA,"update",0,3.088182211,8.56258,8.01,3.454497,11.933552,0.403441,5.7825,0.180124,2.050283,2.934342,2.865,2.85,1.985961,0.091026,0.062729,0.231935,0.045835,0.031586,2.1911,3.6055,4.08,5.07,5.5975,6.36,7.284,8.25,9.47,10.73,11.38,12.108,13.368999,14.158999,15.7402,15.745339,14.461042,16.78743,1934,2062,7.905235,8.898478,6.999088,7.917806,8.125051,9.191566,971,1093,998,1129,12283,14259
"0301060060770012_0001",-1220696.07802,-300022.281667,650846.873583319,3769120.94395076,"fourFri, P2","Apache",12.75,0.1,"1/5th Acre",0.41441222676076,105021,103,68.426919,9999,"NVG",NA,NA,NA,"update",0,3.779939413,13.336605,5.742381,8.527156,72.712394,0.63938,14.837502,0.597254,1.839274,7.645448,4.81,3.497619,4.724546,0.972227,-0.120801,0.354254,0.205782,-0.025569,3.3701,3.9,4.551,5.664,6.16,6.793,7.934,9.235,14.546,18.896,20.997501,23.166,27.049,28.316,29.549999,15.476943,14.922667,17.6753,1225,1399,5.824384,12.179406,6.154667,11.861333,7.289956,14.049274,461,964,577,1112,7915,9375
"0301060060770006_0001",-1219283.46583,-300265.186169,652289.226868255,3769102.1220329,"fourFri, P2","Apache",12.75,0.2,"1/5th Acre",0.689357147784904,53706,40.049999,20.247663,9999,"NVG",NA,NA,NA,"update",166.4999847,6.429849148,7.658784,6.14,2.731793,7.462692,0.356688,4.185,0.062625,2.183757,2.285921,2.119999,2.27,1.569344,0.022483,0.093143,0.204908,0.014327,0.059351,2.2442,3.37,3.88,5.13,5.615,6.01,6.75,7.57,8.422,9.35,9.8,10.256001,11.37,12.12,13.3632,26.290293,22.079378,27.52003,2822,2954,13.72275,18.865288,11.114433,15.584124,13.853177,19.424259,1473,2025,1487,2085,10734,13379
"0301010011600028_0001",-1234175.54095,-334259.573861,642804.48886827,3733466.07970546,"fourFri, P2","Apache",12.75,0.2,"1/5th Acre",0.368539975723252,88551,79,40.579335,9999,"NVG",NA,NA,NA,"update",255,10.23697662,11.451647,10.458889,3.593077,12.910205,0.313761,5.392501,-0.106935,2.415307,2.951952,2.7,2.611111,2.052997,-0.043071,0.174711,0.179275,-0.020979,0.0851,3.4665,5.2575,6.63,8.37,8.86,9.47,10.5,11.54,12.43,13.565001,14.252501,14.8,16.26,17.02,18.77,24.68026,22.600528,28.137104,3377,3850,13.871227,16.275671,11.499853,13.724684,14.317036,17.086896,1898,2227,1959,2338,13683,17035
"0301010010330004_0001",-1204200.46474,-316383.710515,669828.484208284,3755637.44981039,"fourFri, P2","Apache",12.75,0.2,"1/5th Acre",0.90654779644683,53706,89,23.578669,9999,"NVG",NA,NA,NA,"update",0,6.717302799,10.935248,9.721904,4.32606,18.714794,0.395607,6.697499,0.132292,2.196263,3.607498,3.375,3.543096,2.483538,0.070946,0.142878,0.227113,0.028566,0.05753,3.1377,4.219,5.159,6.72,7.505,8.377,9.686,10.695,11.99,13.59,14.202499,15.002,16.750999,18.1605,20.040001,20.247663,20.158339,24.848286,2469,3030,11.021814,13.383631,9.719912,12.101657,11.981302,14.917172,1344,1632,1461,1819,12194,15031
"0301010011230006_0001",-1197738.31809,-331650.839637,678650.796368292,3741668.19048022,"fourFri, P2","Apache",12.75,0.2,"1/5th Acre",0.532047972548753,88551,84,26.545181,9999,"NVG",NA,NA,NA,"update",635.000061,17.51527023,14.279706,21.095714,6.924504,47.94876,0.484919,12.54,0.045349,1.731677,6.176834,6.28,7.065714,3.983847,0.042257,-0.074607,0.278987,0.010607,-0.018727,2.96,4.218,5.07,6.942,7.97,9.22,11.144,14.17,17.309999,19.84,20.51,21.188,22.914,25.24,27.300799,18.043906,19.094203,23.061775,2474,3162,9.459558,4.500036,9.625604,3.979469,11.625702,4.80636,1297,617,1594,659,13711,16560
"0301010011420052_0001",-1233300.39552,-333723.073551,643592.192721976,3734129.20948786,"fourFri, P2","Apache",12.75,0.1,"1/5th Acre",0.416718130931258,105021,95,77.58912,9999,"NVG",NA,NA,NA,"update",0,1.11557591,5.675518,5.037936,1.994565,3.978289,0.351433,2.32,1.166135,4.300066,1.520514,1.12,1.042064,1.069013,0.240068,0.171502,0.188355,0.224569,0.160431,2.4804,3.33,3.59,4.06,4.27,4.42,4.868,5.23,5.652,6.184,6.59,6.99,8.598001,9.755,11.8198,12.926078,11.588257,13.049281,1259,1271,5.225873,7.402464,4.668125,6.610139,5.256674,7.443532,509,721,512,725,9740,10968
"0301060061670010_0001",-1226216.92871,-323312.121073,649006.885983548,3745431.50444329,"fourFri, P2","Apache",12.75,0.1,"1/5th Acre",0.87195951025933,88551,84,42.463148,9999,"NVG",NA,NA,NA,"update",0,3.466624022,7.925401,6.025714,2.612719,6.8263,0.329664,4.06,0.078748,2.178692,2.214865,2.03,2.275714,1.500274,0.016496,0.072255,0.189299,0.010995,0.048161,3.2382,3.85,4.322,5.38,5.905,6.246,7.02,7.93,8.832,9.66,9.965,10.3,11.318,12.096001,13.7018,16.180597,15.112798,17.600544,1903,2070,8.749256,12.430916,7.622107,11.155728,8.876796,12.992093,1029,1462,1044,1528,11761,13697
"0301010010020061_0001",-1197925.39473,-306726.79603,0,0,"fourFri, P2","Apache",12.75,0.1,"1/10th Acre",0.312061848584563,88551,104,39.68104,9999,"PIED",NA,NA,NA,"update",709.9998779,20.61796188,3.602815,3.668571,0.935298,0.874783,0.259602,1.51,0.151565,2.066129,0.789655,0.76,0.758571,0.538038,0.019036,0.021142,0.149338,0.035381,0.039294,2.04,2.18,2.32,2.64,2.84,3.01,3.31,3.56,3.87,4.15,4.35,4.49,4.89,5.1715,5.54,19.82348,19.114471,19.837489,1415,1416,13.729336,13.30905,13.228942,12.823974,13.729336,13.30905,980,950,980,950,7138,7408
"0311060060680001_0001",-1218647.98961,-298145.084384,652589.835891904,3771278.4388211,"fourFri, P2","Apache",12.75,0.1,"1/5th Acre",0.627064911881462,105021,101,69.856986,9999,"PINUS",NA,NA,NA,"update",353.4999695,9.059602737,5.393339,4.308889,1.976546,3.906733,0.366479,2.03,1.185887,4.403252,1.47064,1.01,1.081111,1.05026,0.223593,0.198816,0.194733,0.212893,0.189302,2.2263,2.84,3.35,3.9,4.08,4.27,4.602,5.02,5.48,5.92,6.11,6.404,8.217,10.04,11.4837,21.680535,19.191194,21.761939,2397,2406,9.650868,16.018452,8.55069,14.166068,9.696093,16.063676,1067,1771,1072,1776,11056,12537
"0301010010310033_0001",-1203940.94251,-316535.5964,670110.086092576,3755527.52446983,"fourFri, P2","Apache",12.75,0.2,"1/10th Acre",0.327942420961335,88551,95,38.637927,9999,"PIPO","Ponderosa pine","none","Forest","update",4766,77.93570709,16.087555,18.49111,3.871478,14.988342,0.240651,5.4,-0.376538,2.95676,3.146839,2.67,3.051111,2.185829,-0.125286,0.222976,0.135871,-0.057318,0.10201,5.7696,9.356999,11.43,12.67,13.42,14.081,15.156,16.32,17.450001,18.379,18.82,19.450001,21.123001,22.07,23.3726,67.010514,51.024112,78.079746,3378,3936,39.674668,22.495537,26.536168,14.765362,40.607022,22.594723,2000,1134,2047,1139,5041,7714
"0301010010160009_0001",-1197589.39899,-311047.02487,0,0,"fourFri, P2","Apache",12.75,0.1,"1/10th Acre",0.466774310451001,105021,95,64.214004,9999,"PIPO","Ponderosa pine","none","Forest","update",332.0000305,10.91891575,5.063493,3.677143,2.487432,6.187319,0.491248,2.61,1.370189,4.384764,1.879248,1.21,1.137143,1.298296,0.376972,0.220306,0.256403,0.290359,0.169688,2.0834,2.32,2.59,3.16,3.36,3.56,3.93,4.33,4.88,5.63,5.97,6.32,8.91,10.853001,12.8166,27.457769,24.884066,28.150247,2617,2683,12.254748,22.096317,11.194584,20.070488,12.663939,22.704858,1168,2106,1207,2164,9531,10782
"0301010010260001_0001",-1203903.19576,-315620.3554,670005.509320923,3756432.36009436,"fourFri, P2","Apache",12.75,0.2,"1/10th Acre",0.911866344045848,53706,39,13.618522,9999,"PIPO","Ponderosa pine","none","Forest","update",444,9.991563797,7.562892,6.658095,2.031604,4.127413,0.268628,2.81,-0.01748,2.729708,1.635934,1.4,1.511905,1.152385,-0.002644,0.130918,0.152374,-0.002294,0.113606,3.0832,4.104,4.95,5.836,6.12,6.51,6.99,7.58,8.07,8.646,8.93,9.3,10.231999,10.906,12.1532,34.921541,27.653016,35.834522,1224,1256,18.345221,24.222539,14.156759,18.714223,18.345221,24.25107,643,849,643,850,3505,4542
"0301010010160003_0001",-1197734.37506,-310526.568221,0,0,"fourFri, P2","Apache",12.75,0.1,"1/10th Acre",0.624769777292386,88551,106,32.940197,9999,"PIPO","Ponderosa pine","none","Forest","update",2998,52.16717148,14.602165,16.827619,4.424757,19.578474,0.303021,5.6025,-0.182517,2.997422,3.524808,2.785,3.292382,2.4884,-0.090924,0.331595,0.170413,-0.036539,0.133256,3.6861,6.734,8.69,11.03,11.87,12.55,13.478,14.785,16,17.030001,17.4725,18.23,20.043001,21.6765,24.711299,64.699913,50.533049,79.022905,4463,5451,38.779356,24.702812,26.235283,16.538426,41.026384,25.862569,2675,1704,2830,1784,6898,10787
"0301010011600026_0001",-1234692.37268,-333886.84755,642232.465946264,3733750.69828183,"fourFri, P2","Apache",12.75,0.1,"1/10th Acre",0.496858711587265,88551,106,43.105839,9999,"PIPO","Ponderosa pine","none","Forest","update",2003,38.36453629,12.893007,13.508255,3.215175,10.337353,0.249374,4.365,-0.224334,2.679289,2.590393,2.115,2.13,1.823806,-0.085251,0.2013,0.141457,-0.046744,0.110373,5.559,7.219,8.3,10.05,10.75,11.33,12.3,13.15,13.854,14.72,15.115,15.59,17.01,18.135,19.328699,45.481928,39.179595,49.866131,1359,1490,26.037483,22.054886,20.878254,17.56508,26.572959,22.356091,778,659,794,668,2988,3803
"0301010010150003_0001",-1198532.5801,-310684.276099,0,0,"fourFri, P2","Apache",12.75,0.1,"1/10th Acre",0.788600947475061,105021,101,70.532787,9999,"PIPO","Ponderosa pine","none","Forest","update",1244.000122,21.41208458,9.596578,4.524603,5.533479,30.61939,0.57661,10.455,0.611023,1.879046,4.892651,3.06,2.805397,3.066366,0.623161,-0.042063,0.319527,0.203225,-0.013718,2.432,3.53,3.99,4.63,4.915,5.31,6.28,7.33,9.03,13.58,15.37,16.32,18.4,19.219999,20.678,23.989374,23.237777,27.338877,2077,2367,8.951259,19.80827,9.1989,19.448262,10.822361,22.880573,775,1715,937,1981,8658,10186
"0301010011330027_0001",-1224623.38255,-331560.626374,0,0,"fourFri, P2","Apache",12.75,0.2,"1/10th Acre",0.722608731826767,88551,95,34.675035,9999,"PIPO","Ponderosa pine","none","Forest","update",3900,63.22510147,17.924505,15.612222,6.172354,38.097952,0.344353,6.992501,0.199583,2.864601,4.756631,3.44,3.55,3.450342,0.191659,0.539644,0.192493,0.055548,0.156403,3.8355,7.4375,10.23,13.25,14.36,14.99,16.15,17.379999,18.48,20.15,21.352501,22.84,27.805,29.452499,31.3145,54.709283,46.591332,63.787827,3218,3752,24.940496,36.824209,21.271576,30.597293,29.122747,41.890513,1467,2166,1713,2464,5882,8053
"0301010010450040_0001",-1196216.24129,-323266.514567,678850.982919505,3750125.71661139,"fourFri, P2","Apache",12.75,0.1,"1/10th Acre",0.599226613994688,88551,95,35.259505,9999,"PIPO","Ponderosa pine","none","Forest","update",2201.999756,48.63994598,12.053756,9.965555,5.691552,32.393764,0.472181,8.725001,0.2588,2.249052,4.702416,4.349999,4.285556,3.257796,0.19291,0.203526,0.270272,0.059215,0.062474,2.291,3.415,4.49,6.55,7.46,8.65,10.22,11.61,13.04,15.19,16.185001,17.65,20.280001,21.48,25.149,42.463148,39.076377,52.306229,1786,2200,22.705659,29.933428,18.472469,25.577265,24.726581,34.236805,955,1259,1040,1440,4206,5630
"0301010011970007_0001",-1235736.09425,-334840.202836,641344.987653814,3732655.74088607,"fourFri, P2","Apache",12.75,0.2,"1/10th Acre",0.963930943515152,53706,90,20.984665,9999,"PIPO","Ponderosa pine","none","Forest","update",4985.000488,77.96737671,19.190296,18.735555,6.393792,40.880577,0.333178,9.12,-0.4226,2.521554,5.188587,4.57,4.905555,3.62837,-0.336718,0.309442,0.189073,-0.092801,0.085284,3.9572,7.01,9.8,13.554,15.13,16.27,18.16,19.559999,21.24,23.483999,24.25,25.190001,27.219999,28.049999,30.532801,72.366447,56.007213,86.004384,6272,7454,41.940695,44.444444,29.543918,31.542565,45.367486,48.436599,3635,3852,3932,4198,8667,13309
"0301010010760022_0001",-1197204.28779,-326099.082212,678310.452144442,3747190.40115075,"fourFri, P2","Apache",12.75,0.2,"1/10th Acre",0.44948100624606,88551,39,33.574939,9999,"PIPO","Ponderosa pine","none","Forest","update",1115.999878,22.50468636,12.353067,18.248571,5.423855,29.418207,0.43907,9.115001,-0.084791,1.954113,4.597006,4.53,5.718572,3.126027,-0.073463,0.087579,0.253057,-0.023501,0.028016,2.5026,3.3915,4.353,7.05,7.8275,8.938999,11.132,12.53,14.04,16.060999,16.942501,17.854,19.66,20.668501,22.2085,35.259505,34.103908,43.180447,2337,2862,19.73446,7.875679,18.172069,6.244042,23.008449,7.905854,1308,522,1525,524,6628,8392
"0301010010760034_0001",-1211762.20873,-334970.13406,665217.146622959,3736243.93032884,"fourFri, P2","Apache",12.75,0.1,"1/5th Acre",0.0666325043421239,88551,95,27.831359,9999,"PIPO","Ponderosa pine","none","Forest","update",759,14.0177002,12.546279,4.804444,5.91482,34.985095,0.47144,10.66,0.253564,1.837017,5.116363,5.09,6.865556,3.397112,0.250521,-0.005401,0.270767,0.073745,-0.00159,3.66,4.363,4.926,6.49,7.35,8.34,10.052,11.67,13.86,16.212,18.01,19.136,20.932001,22.58,23.539401,20.984665,21.197212,25.03632,2600,3102,10.177563,18.926554,9.935766,19.413694,11.73527,22.929782,1261,2345,1454,2841,12390,14634
"0301010010750002_0001",-1197808.87009,-325078.059313,677547.68774216,3748104.68279338,"fourFri, P2","Apache",12.75,0.2,"1/10th Acre",0.372322286712006,53706,73,18.043906,9999,"PIPO","Ponderosa pine","none","Forest","update",1531,27.48320007,8.312697,8.921429,2.000602,4.00241,0.240668,2.329999,-0.665611,3.3031,1.552168,1.13,1.088572,1.102995,-0.158243,0.170679,0.132688,-0.143467,0.154742,2.9913,4.2865,5.333,6.83,7.32,7.67,8.2,8.64,9.04,9.45,9.65,9.88,10.51,11.08,12.2848,70.532787,47.232017,73.196721,5163,5358,42.855191,32.117486,27.6622,20.733427,42.868852,32.131148,3137,2351,3138,2352,7320,11344
"0301010011230005_0001",-1197245.72286,-331289.731078,679083.310714681,3742099.25675625,"fourFri, P2","Apache",12.75,0.1,"1/10th Acre",0.185644839191809,88551,93,40.76965,9999,"PIPO","Ponderosa pine","none","Forest","update",1325.999878,24.56942177,10.766221,11.672857,3.207992,10.291214,0.297968,4.49,0.067835,2.599275,2.614925,2.254999,2.47,1.825123,0.038577,0.177412,0.169523,0.021136,0.097205,3.3865,5.82,6.533,7.93,8.49,8.938999,9.75,10.775,11.6,12.46,12.98,13.47,15.247,16.027,18.211399,27.831359,25.232816,31.358501,2020,2276,15.128134,11.766327,12.727273,9.778271,15.817029,12.152108,1098,854,1148,882,7258,9020
"0301010010270001_0001",-1202901.68228,-314802.861446,670872.950625395,3757385.79340003,"fourFri, P2","Apache",12.75,0.1,"1/10th Acre",0.131573292892426,105021,90,58.841031,9999,"PIPO","Ponderosa pine","none","Forest","update",7490,112.7801514,20.89025,23.725238,5.798887,33.627095,0.277588,7.599998,-0.937473,3.231018,4.679112,3.380001,3.044762,3.177166,-0.692088,0.340718,0.152088,-0.217832,0.10724,4.431,9.552,11.832,16.268,17.715,18.486,20.967999,22.57,23.672001,24.6,25.314999,25.77,27.049999,27.84,29.031801,59.483929,48.534747,78.723404,2628,3478,44.363966,30.692621,29.402735,19.173877,47.691263,31.100045,1960,1356,2107,1374,4418,7166
"0301010020360006_0002",-1216266.75099,-342367.163168,661891.950078729,3728292.13236915,"fourFri, P2","Apache",12.75,0.1,"1/10th Acre",0.283669912721962,88551,95,36.069968,9999,"PIPO","Ponderosa pine","none","Forest","update",2183,35.98612595,16.298813,15.882857,3.599291,12.954899,0.220832,5.170001,0.016418,2.604544,2.936456,2.65,2.612857,2.048035,0.051979,0.182904,0.125655,0.02538,0.089307,8.6916,10.39,11.722,13.2,13.86,14.336,15.108,16.02,16.892,18.4,19.030001,19.762001,21.25,22.463999,23.6,36.880927,34.40048,43.188319,2450,2869,18.470571,20.547945,15.851319,17.805755,19.900647,22.354358,1227,1365,1322,1485,6643,8340
"0301010011480029_0001",-1207141.46283,-334353.788423,669713.464129236,3737564.80913211,"fourFri, P2","Apache",12.75,0.1,"1/10th Acre",0.0266498089767992,53706,101,11.074197,9999,"PIPO","Ponderosa pine","none","Forest","update",5385,87.40032196,17.872754,18.541111,4.587333,21.043624,0.256666,6.110001,-0.489507,2.939102,3.652501,2.98,2.971111,2.580743,-0.238913,0.306946,0.144395,-0.092575,0.118937,6.2469,9.33,11.548,14.25,15.01,15.86,17.280001,18.35,19.35,20.48,21.120001,21.84,23.610001,24.719999,26.2031,69.058734,53.957548,88.58973,6361,8160,45.228531,40.766475,29.081531,25.927395,47.747259,42.568668,4166,3755,4398,3921,9211,15123
"0301010010020048_0001",-1198000.21918,-310700.433029,0,0,"fourFri, P2","Apache",12.75,0.1,"1/5th Acre",0.232050550403073,105021,98,53.205742,9999,"PIPO","Ponderosa pine","none","Forest","update",476,11.21250343,9.68703,2.01,5.041291,25.414614,0.520417,9.74,-0.059633,1.595335,4.511785,4.54,8.27,2.896548,-0.04303,-0.136982,0.299013,-0.014856,-0.047292,2.07,2.36,2.79,3.814,4.38,5.61,7.738,10.28,11.941999,13.63,14.12,14.77,16.32,17.049999,17.862801,20.552406,20.523683,24.249186,3408,4021,12.911591,23.543601,12.26521,23.300327,14.491617,27.529852,2141,3904,2403,4565,16582,19592
"0301010011240014_0001",-1197109.24917,-331954.037984,679322.813290049,3741468.35455042,"fourFri, P2","Apache",12.75,0.2,"1/10th Acre",0.536126906750724,53706,50,17.506959,9999,"PIPO","Ponderosa pine","none","Forest","update",384.0000305,9.687353134,3.892512,3.307619,1.171806,1.37313,0.301041,1.47,0.643792,2.892878,0.936792,0.74,0.757619,0.655646,0.090572,0.075224,0.168438,0.138141,0.114733,2.074,2.24,2.41,2.88,3.12,3.28,3.45,3.67,3.97,4.36,4.59,4.92,5.59,6.27,6.836,11.074197,10.584251,11.074197,500,500,6.06866,9.745293,5.800169,9.314141,6.06866,9.745293,274,440,274,440,4515,4724
"0301010011250021_0001",-1196960.11464,-333389.914767,679691.960929623,3740089.03593157,"fourFri, P2","Apache",12.75,0.2,"1/10th Acre",0.885604761308059,88551,50,39.618991,9999,"PIPO","Ponderosa pine","none","Forest","update",4366.000488,73.35523987,18.08238,20.488571,6.493636,42.167307,0.359114,8.655002,-0.842977,2.628354,5.265967,3.830001,3.70857,3.569275,-0.779666,0.281737,0.19739,-0.218438,0.078934,3.4498,4.983,6.48,13.481999,14.53,16.188,18.223999,19.790001,21.059999,22.592001,23.185001,23.790001,25,25.709999,26.643399,53.205742,44.951512,62.838915,3336,3940,36.427432,27.942584,27.495722,20.387906,38.437002,28.500797,2284,1752,2410,1787,6270,8765
"0301010010530047_0001",-1207464.77141,-334311.597351,669389.134117543,3737552.37607301,"fourFri, P2","Apache",12.75,0.1,"1/5th Acre",0.0434209448285401,105021,117,57.547906,9999,"PIPO","Ponderosa pine","none","Forest","update",3452.5,60.96220398,18.777101,18.740635,5.909338,34.920278,0.31471,9.545001,-0.350175,2.300881,4.954664,4.75,4.789366,3.374479,-0.275602,0.162811,0.179712,-0.081673,0.048248,4.2044,8.637,10.54,13.05,14.19,15.26,17.700001,19.16,21.264,22.959999,23.735001,24.530001,26.030001,27.263,28.962599,38.637927,38.306318,53.107086,5055,6948,25.338225,25.460521,20.5811,20.685853,28.533211,28.678438,3315,3331,3733,3752,13083,18138
"0301010010310038_0002",-1202358.70786,-316335.596567,671654.217482726,3755970.25439421,"fourFri, P2","Apache",12.75,0.2,"1/10th Acre",0.520808731438592,88551,27,34.729467,9999,"PIPO","Ponderosa pine","none","Forest","update",3111.000244,51.58859634,11.343962,12.177619,3.702727,13.710184,0.326405,5.135,-0.236312,2.475979,3.000393,2.51,2.44762,2.104524,-0.128666,0.203097,0.185519,-0.061138,0.096505,3.1166,5.03,5.916,7.726,8.9025,9.679,10.77,11.735,12.49,13.541,14.0375,14.58,15.8,17.110001,18.85,68.426919,49.607261,79.197436,4911,5684,42.427198,34.847429,27.229883,22.220283,43.472203,35.474432,3045,2501,3120,2546,7177,11458
"0301010010150020_0001",-1196727.74506,-312959.615844,0,0,"fourFri, P2","Apache",12.75,0.1,"1/10th Acre",0.125583576969802,105021,90,58.83905,9999,"PIPO","Ponderosa pine","none","Forest","update",7248,118.0016479,18.125499,20.154921,5.956856,35.484138,0.328645,8.280001,-0.464761,2.815685,4.822674,4.1,4.074921,3.354756,-0.33544,0.357818,0.185085,-0.099989,0.10666,3.108,6.49,10.102,13.282,14.26,15.35,17.08,18.84,20.33,21.902,22.540001,23.379999,25.1,26.309999,29.9204,55.521028,49.070796,68.924798,2680,3327,36.275119,27.946965,27.389381,20.575221,38.4711,28.899938,1751,1349,1857,1395,4827,6780
"0301010010430019_0001",-1196221.43637,-322405.28317,678710.554547336,3750968.56744965,"fourFri, P2","Apache",12.75,0.2,"1/5th Acre",0.804574410198256,53706,28,25.046007,9999,"PIPO","Ponderosa pine","none","Forest","update",2396.499756,43.97645569,14.079954,15.1,5.027302,25.273767,0.357054,7.74,-0.224019,2.208036,4.226978,3.889999,3.9,2.882612,-0.150821,0.155223,0.204732,-0.052321,0.053848,2.78,5.486,7.15,9.24,10.41,11.153999,12.742,14.57,15.76,17.446001,18.15,18.98,20.49,21.620001,23.1012,40.579335,38.945546,52.347084,3138,4048,25.42351,22.319928,20.915913,17.981528,28.113281,24.169145,1966,1726,2174,1869,7733,10394
"0301010011310001_0001",-1209710.17512,-332608.373798,666887.262977802,3738874.00451183,"fourFri, P2","Apache",12.75,0.2,"1/10th Acre",0.0406832366716117,88551,106,30.079918,9999,"PIPO","Ponderosa pine","none","Forest","update",3944.999756,59.88401031,14.175927,4.059682,7.673135,58.876998,0.541279,14.360001,0.064899,1.58528,6.880607,7.37,9.355317,4.413004,0.093229,-0.216123,0.311303,0.021126,-0.048974,2.41,3.4685,4.11,5.75,7.08,8.21,10.798,13.415,17.26,20.440001,21.440001,22.450001,24.530001,25.629999,26.780001,58.83905,46.036772,74.323879,3568,4507,29.403034,54.271108,22.890705,42.860061,36.955805,69.195251,1783,3291,2241,4196,6064,9790
"0301010020070016_0001",-1223190.56787,-334748.567909,0,0,"fourFri, P2","Apache",12.75,0.2,"1/10th Acre",0.895546912681311,53706,79,24.737768,9999,"PIPO","Ponderosa pine","none","Forest","update",3302,54.78757858,13.79021,15.634286,3.569361,12.740337,0.258833,4.13,-0.878914,3.614338,2.762994,1.965,2.084285,1.951862,-0.334605,0.306443,0.14154,-0.171428,0.157001,3.5354,6.0985,8.69,11.32,12.03,12.62,13.618,14.48,15.22,15.87,16.16,16.52,17.823,18.67,19.9569,59.095521,45.785671,66.14002,4077,4563,38.237426,22.278591,26.640578,15.442505,38.483838,22.307581,2638,1537,2655,1539,6899,9966
"0301010011310011_0001",-1210791.88632,-331339.708958,665611.090882897,3739952.74899304,"fourFri, P2","Apache",12.75,0.2,"1/5th Acre",0.179698850726709,53706,78,16.58141,9999,"PIPO","Ponderosa pine","none","Forest","update",2737.5,43.48882294,19.650167,15.999523,5.217226,27.219451,0.265505,7.559999,-0.269068,2.531384,4.275719,3.779999,5.070477,2.964145,-0.175663,0.264131,0.150846,-0.059262,0.089109,8.614,9.65,12.21,15.63,16.25,16.84,18.360001,20.02,21.290001,22.950001,23.809999,24.639999,25.91,27.120001,30.379999,30.079918,32.574479,40.469308,5307,7140,18.670294,25.517202,17.076509,25.306811,21.215213,31.440231,3294,4502,3743,5547,17643,21919
"0301010010260045_0001",-1203570.48585,-315345.057205,670294.202763875,3756752.95336527,"fourFri, P2","Apache",12.75,0.1,"1/10th Acre",0.496236215578392,105021,73,57.170668,9999,"PIPO","Ponderosa pine","none","Forest","update",3946,64.99053955,14.942813,18.760476,4.472308,20.001543,0.299295,6.679999,-0.483201,2.421425,3.718041,3.25,3.379523,2.537342,-0.297683,0.169138,0.169803,-0.117321,0.066659,4.49,6.59,8.207,11.06,11.87,12.58,14.246,15.595,16.844,18.129999,18.549999,18.972,20.291,21.120001,22.285101,60.403082,49.747703,75.973128,3057,3845,39.656194,17.289073,27.0022,11.320999,41.23691,17.289073,2007,875,2087,875,5061,7729
"0301010011330012_0001",-1224050.99351,-331010.686981,0,0,"fourFri, P2","Apache",12.75,0.1,"1/5th Acre",0.515979908406734,105021,78,54.709283,9999,"PIPO","Ponderosa pine","none","Forest","update",1962.999878,31.86632538,14.754981,20.33127,7.201763,51.865389,0.48809,12.945,0.142649,1.729908,6.336281,6.41,6.52,4.142889,0.177995,-0.079785,0.280779,0.042964,-0.019258,3.1391,4.54,5.565,7.436,8.09,9.158999,11.030001,14.22,17.194,20.341,21.035,21.932001,25.120001,26.447001,27.2461,16.58141,17.894266,19.975047,1329,1601,8.059888,5.527137,8.349167,5.454342,9.320025,6.088584,646,443,747,488,8015,8947
"0301010010310001_0001",-1202963.9415,-315794.634234,670966.629271726,3756407.0184091,"fourFri, P2","Apache",12.75,0.1,"1/5th Acre",0.785647351527587,88551,73,41.615888,9999,"PIPO","Ponderosa pine","none","Forest","update",1415.500122,23.77707863,15.870465,21.275714,5.363773,28.770061,0.337972,8.82,-0.219199,2.094158,4.56097,4.42,5.215715,3.079075,-0.158377,0.100353,0.194013,-0.051437,0.032592,4.2778,6.6625,8.64,10.892,11.49,12.379,14.38,16.059999,17.799999,19.791,20.309999,21.227999,22.777,24.02,24.688701,21.110767,21.963394,25.890369,2045,2508,12.563229,5.14091,11.296961,4.361152,13.316816,5.14091,1217,498,1290,498,9687,11419
"0301010010310032_0001",-1203182.97889,-316058.846409,670790.153641426,3756113.52683503,"fourFri, P2","Apache",12.75,0.1,"1/10th Acre",0.512456740252674,105021,84,60.214598,9999,"PIPO","Ponderosa pine","none","Forest","update",514,10.61863232,6.561604,7.549048,1.869432,3.494775,0.284905,2.8925,-0.174288,2.398951,1.548617,1.255,1.219048,1.06259,-0.063228,0.086571,0.161941,-0.059503,0.081472,2.51,3.407,3.848,4.684,4.9775,5.49,6.32,6.88,7.29,7.66,7.87,8.09,8.74,9.4265,10.6784,23.503161,20.354121,24.153961,1264,1299,13.778356,8.330234,11.61078,7.019743,13.778356,8.330234,741,448,741,448,5378,6382
"0301010011330034_0001",-1224950.60201,-332547.810826,0,0,"fourFri, P2","Apache",12.75,0.2,"1/10th Acre",0.562565206782892,53706,22,12.926078,9999,"PIPO","Ponderosa pine","none","Forest","update",3350.999756,54.67962646,17.23151,24.921905,6.587383,43.393613,0.382287,11.33,-0.146018,1.845484,5.72948,5.719999,7.761905,3.791271,-0.167653,0.002848,0.22002,-0.044221,0.000751,4.7742,6.462,7.92,10.358,12.030001,13.192,14.94,17.16,20.209999,22.274,23.360001,24.226,25.389999,26.129,28.7712,41.615888,41.378726,55.134281,1844,2443,24.667118,8.034304,20.528455,6.063686,27.352742,8.07944,1093,356,1212,358,4431,5904
"0301010011340019_0001",-1225744.37747,-332148.742004,0,0,"fourFri, P2","Apache",12.75,0.2,"1/10th Acre",0.841669294284657,88551,30,29.217958,9999,"PIPO","Ponderosa pine","none","Forest","update",3458.999756,54.66795349,14.564801,15.628412,2.871686,8.246579,0.197166,3.86,-0.869947,3.857765,2.301394,1.94,1.898412,1.584301,-0.240146,0.179797,0.108776,-0.151578,0.113486,5.72,9.08,10.71,12.49,12.88,13.21,14.07,15.03,15.8,16.389999,16.74,17.07,17.84,18.32,19.200001,60.214598,46.937526,64.915996,4265,4598,36.058167,28.26486,26.071866,20.436913,36.058167,28.26486,2554,2002,2554,2002,7083,9796
"0301010010150005_0001",-1197917.72946,-311205.143329,0,0,"fourFri, P2","Apache",12.75,0.1,"1/10th Acre",0.981995939975604,105021,112,51.995126,9999,"PIPO","Ponderosa pine","none","Forest","update",1309,32.38617325,6.477931,6.738889,2.070371,4.286436,0.319604,2.61,0.517552,3.036252,1.632296,1.3,1.418889,1.158834,0.116741,0.155521,0.17889,0.10074,0.134205,2.4573,3.42,3.94,4.756,5.03,5.299,5.79,6.26,6.77,7.32,7.64,8.084,9.37,10.567,11.8954,67.146499,46.70985,68.121158,4478,4543,32.118758,28.505023,22.095414,19.596957,32.223722,28.579997,2142,1901,2149,1906,6669,9726
"0301010010640065_0001",-1208271.20361,-333840.185413,668510.278200036,3737891.98690571,"fourFri, P2","Apache",12.75,0.1,"1/10th Acre",0.909780576592311,105021,95,64.617851,9999,"PIPO","Ponderosa pine","none","Forest","update",1972.999878,36.12928772,12.841499,12.194286,3.080487,9.489398,0.239885,3.85,-0.234511,3.234911,2.413655,1.92,2.064286,1.724603,-0.054027,0.248827,0.134299,-0.031327,0.144281,4.72,7.522,9,10.42,11.025,11.42,12.19,12.86,13.672,14.43,14.875,15.376,16.67,17.870001,19.75,43.105839,37.304075,47.665999,2798,3094,23.740564,28.146665,18.784664,22.389679,24.002465,28.608843,1541,1827,1558,1857,6491,8294
"0301010011480008_0001",-1206685.16023,-334589.514588,670204.489669095,3737402.62642254,"fourFri, P2","Apache",12.75,0.1,"1/10th Acre",0.0533072969410568,88551,112,39.847943,9999,"PIPO","Ponderosa pine","none","Forest","update",1770,31.1346302,10.435766,13.22,3.797826,14.423481,0.363924,5.745,-0.226569,2.153417,3.176542,2.83,3.02,2.177393,-0.129505,0.123272,0.208647,-0.059477,0.056614,2.76,3.751,4.902,6.72,7.605,8.336,9.69,10.7,11.89,12.903999,13.35,13.896,15.33,16.126999,17.440001,51.995126,40.219321,58.650624,3414,3851,30.246726,15.747792,21.451697,10.840731,31.282364,15.808712,1986,1034,2054,1038,6566,9575
"0301060060480001_0001",-1229717.74835,-295545.323191,0,0,"fourFri, P2","Apache",12.75,0.2,"1/5th Acre",0.0587226653005928,53706,101,24.1843,9999,"PIPO","Ponderosa pine","none","Forest","update",2042.499878,37.52840424,14.267876,16.100794,4.296423,18.459248,0.301126,6.06,-0.292857,2.538013,3.492818,2.849999,2.990794,2.438612,-0.168195,0.251204,0.170916,-0.068972,0.103011,4.514,6.44,8.23,10.33,11.2,12.2,13.63,14.88,15.75,16.639999,17.26,17.82,19.66,20.959999,22.704,31.624001,31.644728,38.439796,3916,4760,20.027457,13.518533,17.477729,11.494482,21.23072,13.962691,2480,1674,2629,1729,12383,15042
"0301010011480015_0002",-1207459.71463,-334206.782112,669379.032245065,3737659.75352843,"fourFri, P2","Apache",12.75,0.1,"1/10th Acre",0.528560180682689,105021,101,69.058734,9999,"PIPO","Ponderosa pine","none","Forest","update",1705.999878,34.62236786,10.564431,8.24873,3.957533,15.662068,0.374609,6.5675,0.07791,1.984427,3.376337,3.325,3.05127,2.278846,0.053954,0.066636,0.215709,0.023676,0.029241,3.0293,4.5465,5.39,6.63,7.37,8.03,9.102,10.24,11.554,13.352,13.9375,14.594,16.110001,16.91,18.111401,39.847943,34.901469,45.676804,2673,3064,21.347645,29.189028,16.778676,24.046019,21.958855,31.469887,1432,1958,1473,2111,6708,8779
"0301010010440005_0001",-1195734.73953,-324094.355947,679459.670568287,3749388.73754297,"fourFri, P2","Apache",12.75,0.1,"1/5th Acre",0.0110020635183901,105021,106,47.216259,9999,"PIPO","Ponderosa pine","none","Forest","update",1469.5,29.43869591,10.963982,13.137142,4.187157,17.532284,0.381901,6.94,-0.21855,2.04674,3.540736,3.425,2.942858,2.402892,-0.148098,0.093271,0.219162,-0.061633,0.038816,2.98,3.83,4.509,6.8,7.55,8.436999,10.17,11.43,12.69,13.623,14.49,15.02,16.07,17.120501,18.6722,26.545181,25.588417,31.044524,2826,3305,15.949652,11.083975,13.688448,9.25209,16.607176,11.224873,1698,1180,1768,1195,10646,12916
"0301060060040002_0001",-1244177.28352,-279678.542961,624283.863548681,3785416.24683076,"fourFri, P2","Apache",12.75,0.1,"1/5th Acre",0.641907634446397,88551,90,31.290596,9999,"PIPO","Ponderosa pine","none","Forest","update",1748.500122,33.71004486,14.212234,12.165238,5.787527,33.495468,0.407221,7.610001,0.123708,2.471615,4.666506,3.84,4.1,3.29557,0.095273,0.349889,0.231883,0.028909,0.106169,2.6963,4.5205,6.071,9.54,10.41,11.19,12.5,13.91,15.326,17.23,18.02,19.167999,22.579,24.3995,26.6579,23.368183,24.533905,28.011679,2481,2974,12.451728,15.917868,11.928725,15.673981,13.619667,17.895827,1322,1690,1446,1900,10617,12122
"0301010011530001_0001",-1209078.04432,-333189.184934,667607.478912551,3738406.4959226,"fourFri, P2","Apache",12.75,0.1,"1/10th Acre",0.716549381613731,105021,89,54.378311,9999,"PIPO","Ponderosa pine","none","Forest","update",2614,38.57496262,12.242546,12.729047,2.990166,8.941093,0.244244,2.615001,-1.106434,4.277406,2.161177,1.3,1.310953,1.582527,-0.314584,0.346591,0.129265,-0.198786,0.219011,3.17,5.626,7.63,10.96,11.4,11.75,12.264,12.74,13.19,13.731999,14.015,14.34,15.42,16.309999,17.3202,47.216259,36.576278,50.579648,3299,3534,30.671247,25.690568,22.283171,18.598634,30.81437,25.719193,2143,1795,2153,1797,6987,9662
"0301010010530009_0001",-1218444.1095,-320617.012517,656318.361649567,3749280.95807358,"fourFri, P2","Apache",12.75,0.1,"1/10th Acre",0.52466764417477,105021,95,69.466455,9999,"PIPO","Ponderosa pine","none","Forest","update",1214,24.00234032,8.530391,8.081428,3.056271,9.340792,0.35828,4.2675,0.326668,2.665466,2.473866,2.14,2.141428,1.734148,0.105234,0.175592,0.203291,0.060683,0.101255,2.8874,3.7285,4.62,5.75,6.24,6.67,7.63,8.33,9.23,10.039,10.5075,11.096001,12.663,14.05,16.1263,39.68104,35.299608,44.678086,3359,3782,20.496161,23.201418,16.968452,19.301848,21.476669,24.430006,1735,1964,1818,2068,8465,10714
"0301010010530025_0001",-1207662.98657,-334127.96234,669162.930755009,3737701.6326544,"fourFri, P2","Apache",12.75,0.1,"1/10th Acre",0.023903647903353,88551,84,40.858896,9999,"PIPO","Ponderosa pine","none","Forest","update",3738.999512,66.96966553,10.912676,11.349365,4.009085,16.072764,0.367379,4.17,0.790258,4.552086,2.923644,1.925,1.930634,2.156579,0.161211,0.434076,0.197621,0.074753,0.20128,3.2633,4.8065,5.883,7.37,8.47,9.259,10.14,11,11.64,12.321,12.64,13.094,15.316999,18.017,23.643399,69.856986,49.38219,79.689219,5080,5795,38.173817,33.264576,25.513421,22.266723,41.171617,35.932343,2776,2419,2994,2613,7272,11735
"0301060061080021_0001",-1211822.94349,-334688.873123,665112.299312102,3736510.34536961,"fourFri, P2","Apache",12.75,0.1,"1/10th Acre",0.0591151195112616,105021,84,45.481928,9999,"PIPO","Ponderosa pine","none","Forest","update",7078.999512,105.0134583,22.5534,25.588412,6.131096,37.590344,0.271848,9.295,-0.576658,2.603379,5.08057,4.129999,3.991588,3.457031,-0.466764,0.253881,0.153282,-0.135019,0.073439,6.1,11.61,13.188999,16.667999,17.8575,19.879999,21.926001,23.700001,25.42,26.389999,27.1525,28.01,29.860001,30.940001,32.280099,48.850186,46.445167,67.6023,2889,3998,35.001691,24.974636,26.893587,18.052974,39.144403,26.276632,2070,1477,2315,1554,5914,8608
"0301010010640037_0001",-1205902.18225,-334421.690206,670957.215929021,3737687.64174368,"fourFri, P2","Apache",12.75,0.2,"1/10th Acre",0.423799538984895,53706,50,24.68026,9999,"PIPO","Ponderosa pine","none","Forest","update",7370,108.093956,19.408172,23.173334,5.23935,27.450785,0.269956,7.16,-0.723789,2.881378,4.273013,3.450001,3.373334,2.924461,-0.481041,0.26631,0.150682,-0.164489,0.091063,6.3228,8.983999,11.308001,15.156,16.389999,17.190001,18.68,20.459999,21.768,23.07,23.549999,24.07,25.23,26.23,27.540001,64.214004,57.794739,90.456221,5053,7118,47.909518,25.975346,32.543033,16.766807,50.934045,26.242216,3770,2044,4008,2065,7869,12316
"0311060060670003_0001",-1220640.58483,-298825.615205,650713.813751431,3770301.07359461,"fourFri, P2","Apache",12.75,0.1,"1/5th Acre",0.87759253801778,105021,90,66.905806,9999,"PIPO","Ponderosa pine","none","Forest","update",758.500061,14.14443684,15.010861,16.074127,2.525318,6.377229,0.168233,2.460001,-1.599514,7.268814,1.78621,1.19,1.185873,1.296819,-0.274543,0.29575,0.086392,-0.211705,0.228058,4.9692,10.056,12.15,13.634,14.08,14.45,14.998,15.45,15.872,16.309999,16.540001,16.809999,17.52,18.313999,19.193199,15.670313,14.770932,16.649707,1232,1309,9.946578,5.965403,8.824193,5.292259,9.946578,5.965403,782,469,782,469,7862,8862
"0301060060890017_0001",-1224156.3062,-303891.084183,648009.987718065,3764791.71124212,"fourFri, P2","Apache",12.75,0.2,"1/5th Acre",0.783994620898739,53706,50,16.853175,9999,"PIPO","Ponderosa pine","none","Forest","update",3045.500244,54.55991364,16.626419,17.152857,5.93164,35.184356,0.35676,8.097501,-0.629046,2.664296,4.784285,3.869999,4.027143,3.322491,-0.500791,0.329011,0.199832,-0.150728,0.099025,2.5402,4.7,7.08,11.452,13.0225,14.44,16.309999,17.549999,19.26,20.48,21.120001,21.74,23.25,24.529001,26.779901,43.210925,41.842163,62.186357,6613,9517,32.004705,30.142446,24.664761,22.853374,36.657083,33.964976,4898,4613,5610,5198,15304,22745
"0301060061410005_0001",-1219005.1885,-320043.520978,655669.94116426,3749756.17145092,"fourFri, P2","Apache",12.75,0.1,"1/10th Acre",0.668147345306352,105021,84,72.366447,9999,"PIPO","Ponderosa pine","none","Forest","update",1249,28.10326576,10.723891,7.714286,4.922871,24.234659,0.459056,7.615,0.541324,2.299767,4.103322,3.15,3.055715,2.779661,0.395196,0.182399,0.259203,0.142174,0.065619,3.1782,4.03,4.76,6.374,6.96,7.596,8.52,9.55,11.06,12.64,14.575,15.76,18.538,20.200001,21.370001,31.8298,32.221416,40.084198,2117,2666,14.163284,23.199519,13.367174,22.395456,16.629078,27.860472,942,1543,1106,1853,6651,8274
"0301060061410014_0001",-1219283.03802,-319974.483824,655383.359294125,3749780.27829607,"fourFri, P2","Apache",12.75,0.1,"1/10th Acre",0.817093045217916,105021,90,55.77739,9999,"PIPO","Ponderosa pine","none","Forest","update",5403.999512,91.8633194,14.569121,15.094762,6.425896,41.292136,0.441063,9.75,0.378137,2.238314,5.351245,4.815001,5.224762,3.664265,0.354497,0.216903,0.251509,0.096744,0.059194,3.53,5.4,6.91,8.62,9.27,10.05,11.9,13.975,15.616,17.629999,19.02,20.647999,24.42,26.389,28.139999,66.351169,55.589019,92.698474,3435,4799,34.286266,31.833108,26.375536,24.5801,43.983002,40.98899,1775,1648,2277,2122,5177,8633
"0301060061470012_0001",-1226917.86506,-315798.690817,647130.951962311,3752690.11506695,"fourFri, P2","Apache",12.75,0.2,"1/10th Acre",0.88109593023546,53706,78,19.838379,9999,"PIPO","Ponderosa pine","none","Forest","update",848.999939,22.9929924,10.032745,8.655397,4.446802,19.774049,0.443229,6.4,0.410377,2.335308,3.620585,2.86,2.745397,2.519215,0.259958,0.217762,0.251099,0.10319,0.08644,2.3451,3.4,4.41,6.2,6.92,7.43,8.48,9.26,10.2,11.81,13.32,14.6,16.84,18.01,19.83,59.495688,47.560288,71.175478,6347,7593,27.409074,37.926509,20.275603,28.412152,30.343082,42.519685,2924,4046,3237,4536,10668,15965
"0301010011980003_0001",-1235361.34759,-334463.231272,641657.254904033,3733080.26649275,"fourFri, P2","Apache",12.75,0.1,"1/10th Acre",0.37604547967203,105021,78,59.095521,9999,"PIPO","Ponderosa pine","none","Forest","update",970,17.56038666,9.45291,7.887143,3.530406,12.463765,0.373473,4.75,0.556483,2.910939,2.817405,2.12,2.087142,1.977044,0.238592,0.242007,0.209147,0.120681,0.122409,3.16,4.1685,5.267,6.62,7,7.39,8.12,8.87,9.71,10.77,11.75,12.56,14.55,16.08,18.7149,55.77739,41.883552,58.435238,4470,4683,24.881457,36.298977,18.263125,26.697075,25.480409,37.247317,1994,2909,2042,2985,8014,11181
"0301010020070010_0001",-1223897.75866,-332919.965165,0,0,"fourFri, P2","Apache",12.75,0.1,"1/5th Acre",0.10342479404062,105021,101,46.92112,9999,"PIPO","Ponderosa pine","none","Forest","update",550.5,10.8538332,9.388256,7.795555,3.483917,12.137676,0.371093,5.16,0.276589,2.328439,2.832443,2.4,2.294445,1.983442,0.136614,0.167847,0.211268,0.068877,0.084624,2.9116,3.993,4.9,6.284,6.91,7.438,8.214,8.97,9.772,10.702,12.07,13.038,14.483999,15.418,16.799999,19.838379,18.644916,21.204188,1743,1863,9.378557,13.532893,8.496797,12.489992,9.6631,14.204416,824,1189,849,1248,8786,9992
"0301010010180008_0001",-1195974.97467,-313539.091211,677568.986558738,3759699.54580001,"fourFri, P2","Apache",12.75,0.1,"1/5th Acre",0.0477497081737965,105021,93,56.770228,9999,"PIPO","Ponderosa pine","none","Forest","update",4850.999512,84.01612854,17.310631,21.162063,6.438088,41.44898,0.371915,8.797499,-0.634107,2.683508,5.202339,4.15,3.972063,3.601672,-0.543953,0.356329,0.208061,-0.151028,0.098934,2.6061,3.88,6.931,12.342,13.34,14.873,16.73,18.370001,20.18,21.58,22.137499,22.878,24.359001,25.73,28.4917,55.664145,49.305361,73.844052,5297,7027,38.062211,24.947457,28.157452,16.916924,42.17108,25.336276,3622,2374,4013,2411,9516,14252
"0301010020120013_0001",-1213758.00014,-340335.905779,0,0,"fourFri, P2","Apache",12.75,0.1,"1/10th Acre",0.381458563031629,88551,95,36.880927,9999,"PIPO","Ponderosa pine","none","Forest","update",1495,25.03554726,11.310264,12.780635,3.367625,11.340897,0.297749,4.54,-0.534629,2.614247,2.727282,2.15,2.029365,1.892718,-0.250523,0.187741,0.167345,-0.132361,0.099191,3.452,4.912,6.294,8.208,9.2,10.002,11.176001,11.92,12.73,13.338,13.74,14.212,15.216001,15.85,17.2604,46.92112,36.907731,52.722646,1844,2072,30.508906,20.534351,21.499822,14.39259,30.712468,20.559796,1199,807,1207,808,3930,5614
"0301060060590008_0001",-1232627.8704,-297854.044035,638632.479210246,3769391.65852778,"fourFri, P2","Apache",12.75,0.2,"1/5th Acre",0.215629443526268,53706,34,15.745339,9999,"PIPO","Ponderosa pine","none","Forest","update",566.500061,12.65677452,14.3511,9.447143,6.847448,46.887544,0.477137,11.4625,0.371544,1.9089,6.017377,4.81,3.517857,3.87777,0.454856,0.069475,0.270207,0.117298,0.017916,2.5002,5.8225,6.34,8.69,9.33,9.721001,10.656,11.945,15.252,19.329,20.7925,21.879999,24.719999,26.113001,27.24,10.315578,12.558061,13.562568,1131,1487,4.277636,7.716162,5.379613,9.416434,5.809923,10.169646,469,846,637,1115,10964,11841
"0301060060610001_0001",-1229379.98704,-296338.559445,0,0,"fourFri, P2","Apache",12.75,0.2,"1/5th Acre",0.39722537342459,53706,37,10.562233,9999,"PIPO","Ponderosa pine","none","Forest","update",686.499939,12.96808338,12.125972,14.328572,3.343802,11.18101,0.275755,4.53,-0.597523,2.836249,2.725172,2.2,2.258572,1.877682,-0.24459,0.190076,0.154848,-0.130262,0.101229,3.5,5.9415,7.26,9.322,10.05,10.52,11.69,12.76,13.536,14.24,14.58,14.92,16.059999,16.879,17.721899,14.89552,15.863981,17.676234,1832,2174,9.578014,5.081714,8.95359,4.626386,9.976421,5.154891,1178,625,1227,634,12299,13704
"0301010011560042_0001",-1209408.03621,-332582.323166,667187.352950614,3738945.07845275,"fourFri, P2","Apache",12.75,0.1,"1/10th Acre",0.389627077616751,105021,90,49.890351,9999,"PIPO","Ponderosa pine","none","Forest","update",2263.999756,37.94018173,11.520002,12.615714,3.117512,9.718882,0.270617,4.22,-0.399505,3.109558,2.490839,2.1,2.05,1.745765,-0.15097,0.216772,0.151542,-0.086478,0.12417,3.3673,6,7.47,8.97,9.46,9.919,11.11,11.9,12.64,13.31,13.68,14.104,15.14,15.97,18.1708,69.466455,48.135035,77.205494,5260,5846,42.855256,31.00898,27.048168,19.555373,43.383518,31.365557,3245,2348,3285,2375,7572,12145
"0301010010020038_0001",-1198619.26746,-309509.886632,0,0,"fourFri, P2","Apache",12.75,0.2,"1/10th Acre",0.372671228367835,53706,106.400002,11.47674,9999,"PIPO","Ponderosa pine","none","Forest","update",1329.999878,29.29381943,11.05853,10.079365,5.125217,26.267847,0.463463,9.3125,-0.159194,1.742461,4.432245,4.63,4.939366,2.950254,-0.142464,-0.050307,0.266785,-0.048289,-0.017052,2.16,2.87,3.6,5.23,6.5675,7.61,9.97,11.26,12.96,15.13,15.88,16.52,17.65,18.26,18.9525,33.286589,34.122347,42.23928,4510,5723,20.732157,23.130858,18.668018,21.357024,23.108717,26.437375,2809,3134,3131,3582,13549,16772
"0301010020460011_0001",-1211600.77645,-334067.299733,665231.726891384,3737150.92240521,"fourFri, P2","Apache",12.75,0.1,"1/10th Acre",0.2257429221645,105021,112,62.847777,9999,"PIPO","Ponderosa pine","none","Forest","update",3179.000244,47.75341034,18.421112,16.073492,6.351572,40.342462,0.344798,9.615,0.055133,2.29319,5.252363,5.02,4.603491,3.63731,0.076273,0.260202,0.197453,0.02097,0.071537,5.0372,8.3615,10.478001,12.46,13.684999,14.65,16.4,18.049999,19.806,22.18,23.299999,24.664,27.197001,28.937,31.365701,49.890351,44.445881,62.810673,2730,3437,27.302632,34.283626,21.401785,27.983965,30.244883,39.546784,1494,1876,1655,2164,5472,7733
"0301060060890011_0001",-1223379.42109,-304562.029503,648887.949577207,3764254.05343495,"fourFri, P2","Apache",12.75,0.1,"1/10th Acre",0.298383707180619,88551,103,36.424769,9999,"PIPO","Ponderosa pine","none","Forest","update",1254.999756,27.63468552,8.892878,6.699841,5.528951,30.5693,0.621728,4.19,1.926863,6.535992,3.712704,2.085,2.060159,2.666927,0.90298,0.712066,0.299895,0.338584,0.266999,2.3215,3.21,4,5.19,5.61,5.95,6.81,7.595,8.38,9.285,9.8,10.47,16.545,22.960001,27.948501,56.163184,44.78215,63.796771,4488,5098,20.37292,37.379552,16.031272,28.663036,22.838193,40.833438,1628,2987,1825,3263,7991,11384
"0301060060210003_0001",-1247939.78086,-281423.894968,620813.072637551,3783123.94589538,"fourFri, P2","Apache",12.75,0.2,"1/5th Acre",0.569713449571282,53706,30,24.684473,9999,"PIPO","Ponderosa pine","none","Forest","update",2354.500244,40.12952042,13.032431,15.350635,5.196102,26.999478,0.398706,8.540001,-0.280639,1.910697,4.520374,4.14,3.919365,2.980109,-0.242577,0.032253,0.228669,-0.081399,0.010823,2.713,4.35,5.32,7.74,8.91,9.75,11.56,13.96,15.53,16.870001,17.450001,18.049999,19.370001,20.325001,21.440001,77.99842,59.34273,95.960736,6913,8505,50.614916,40.020309,32.598381,25.041864,52.713528,40.494189,4486,3547,4672,3589,8863,14332
"0301010011630003_0001",-1234952.84583,-335475.17102,642222.749543523,3732153.32167131,"fourFri, P2","Apache",12.75,0.2,"1/10th Acre",0.74275675858371,88551,30,35.745126,9999,"PIPO","Ponderosa pine","none","Forest","update",4571,70.1522522,17.917852,17.927937,3.517526,12.37299,0.196314,4.34,-0.931035,4.734134,2.676448,2.17,2.152063,1.917684,-0.229182,0.298602,0.107026,-0.11951,0.15571,6.3801,11.241,13.77,15.62,16.059999,16.459999,17.43,18.18,18.969999,19.92,20.4,20.91,22.139999,22.969,23.9798,66.905806,49.62474,72.910854,5036,5488,39.325096,39.232098,26.973506,26.892124,39.630663,39.511093,2960,2953,2983,2974,7527,11059
"0301060060930003_0001",-1218324.6284,-301648.936847,653461.640046374,3767894.10671085,"fourFri, P2","Apache",12.75,0.2,"1/10th Acre",0.129138976568356,53706,45,19.146551,9999,"PIPO","Ponderosa pine","none","Forest","update",1568.999878,28.47858047,8.488119,9.447143,2.470368,6.102718,0.291038,3.78,-0.293046,2.295642,2.084635,1.880001,1.877143,1.411347,-0.101814,0.08232,0.166273,-0.072139,0.058327,3.1686,4.08,5,6.27,6.68,7.04,7.8,8.81,9.506001,10.151999,10.46,10.8,11.52,12.007,13.1814,59.266802,42.50584,64.006665,3201,3457,34.845399,26.272912,23.140293,17.447436,34.845399,26.272912,1882,1419,1882,1419,5401,8133
"0301010011480015_0001",-1206888.01876,-334262.960491,669953.124838813,3737691.72633555,"fourFri, P2","Apache",12.75,0.2,"1/10th Acre",0.754419365897775,88551,27,38.321384,9999,"PIPO","Ponderosa pine","none","Forest","update",3812.999756,61.86805725,16.059052,17.59635,4.048914,16.393703,0.252127,6.144999,-0.26171,2.329639,3.373454,3.08,3.033649,2.31509,-0.139941,0.145226,0.144161,-0.060447,0.06273,7.3046,9.213,10.24,12.22,13.065001,13.828,15.174,16.41,17.559999,18.620001,19.209999,19.897999,21.219999,22.066999,23.3008,64.617851,51.499148,80.785676,4836,6046,41.35489,31.734367,27.231687,20.44293,42.717798,32.068413,3095,2375,3197,2400,7484,11740
"0301020011980001_0001",-1235192.14558,-333966.708227,641746.645809245,3733597.17911853,"fourFri, P2","Apache",12.75,0.1,"1/10th Acre",0.0356138725765049,105021,107,54.17603,9999,"PIPO","Ponderosa pine","none","Forest","update",474.0000305,10.04878044,6.614471,5.442381,2.268594,5.14652,0.342974,2.58,0.947105,4.112402,1.719719,1.25,1.307619,1.232533,0.20251,0.211586,0.186339,0.164304,0.171668,2.76,3.47,4.062,4.89,5.11,5.36,5.78,6.27,6.7,7.29,7.69,8.142,9.764,11.098,13.7476,36.165861,29.778581,36.760878,1945,1977,15.470435,25.232428,12.742883,20.756138,15.730755,25.622908,832,1357,846,1378,5378,6639
"0301010011480024_0001",-1208047.87568,-333863.50746,668732.967257239,3737901.45857197,"fourFri, P2","Apache",12.75,0.2,"1/5th Acre",0.42795561440289,88551,146,26.546046,9999,"PIPO","Ponderosa pine","none","Forest","update",1557.000122,25.18860054,17.630927,19.783333,5.608296,31.452985,0.318094,6.285,-1.115196,4.053743,4.274757,3.095,3.105,3.005013,-0.628056,0.495912,0.17044,-0.209003,0.165028,2.12,3.0875,10.86,14.01,15.2075,15.855,17.389999,18.889999,19.93,20.845001,21.4925,22.059999,23.605,24.502501,26.8855,24.1843,25.887068,29.979522,3543,4392,17.419795,13.017065,15.890605,11.352116,18.40273,13.146758,2552,1907,2696,1926,14650,16966
"0301060060160007_0001",-1244100.3243,-280705.7527,624522.561397108,3784420.40756381,"fourFri, P2","Apache",12.75,0.1,"1/10th Acre",0.121968287741765,105021,95,82.546732,9999,"PIPO","Ponderosa pine","none","Forest","update",2814.999756,52.19876862,10.408448,10.008572,2.598007,6.749642,0.249606,3.309999,-0.309435,3.219182,2.031419,1.66,1.708571,1.453466,-0.076333,0.210858,0.139643,-0.052518,0.145073,3.3872,5.68,6.962,8.43,8.85,9.23,9.95,10.51,11.14,11.79,12.16,12.53,13.53,14.467999,16.1728,79.239401,54.554029,84.143807,3813,4049,43.994181,49.750623,28.617623,32.390191,44.139651,49.958437,2117,2394,2124,2404,4812,7422
"0301060060040017_0001",-1243027.30217,-280337.953009,625532.552941125,3784947.25119744,"fourFri, P2","Apache",12.75,0.2,"1/10th Acre",0.561865543480963,88551,37,43.602787,9999,"PIPO","Ponderosa pine","none","Forest","update",516,14.75725937,5.577656,3.037143,2.744573,7.53268,0.492066,4.34,0.606435,2.321856,2.337066,2.09,2.152857,1.54511,0.259977,0.03741,0.277018,0.168258,0.024212,2.06,2.264,2.51,2.926,3.15,3.324,4.07,5.19,6.15,7.036,7.49,8.073999,9.782,10.716001,12.0876,18.099936,17.586207,18.59318,844,867,10.765602,18.035599,10.324544,17.505071,10.915719,18.507399,502,841,509,863,4663,4930
"0301010011560001_0001",-1209507.55502,-332990.30943,667147.867427876,3738531.27017446,"fourFri, P2","Apache",12.75,0.1,"1/10th Acre",0.272582667414099,105021,134,72.090833,9999,"PIPO","Ponderosa pine","none","Forest","update",1620,28.4965477,13.051663,19.688889,5.99222,35.906695,0.459115,10.087501,0.037038,1.81779,5.260521,5.185,6.943889,3.455323,0.036982,0.008451,0.264742,0.010703,0.002446,2.3465,3.9065,5.196,6.906,8.1025,8.959,10.462,12.745,15.678,17.073,18.190001,19.360001,21.237,22.587,23.704201,31.290596,29.9305,37.094041,2216,2627,17.099689,6.622423,15.130455,5.389085,18.751765,6.678904,1211,469,1328,473,7082,8777
"0301010011330013_0001",-1224392.89977,-331940.63682,0,0,"fourFri, P2","Apache",12.75,0.2,"1/10th Acre",0.462906366446987,53706,118,14.724791,9999,"PIPO","Ponderosa pine","none","Forest","update",2375.999756,39.09756088,13.481106,13.344762,3.523617,12.415874,0.261374,4.594999,-0.316785,2.822851,2.784386,2.29,2.305238,1.987836,-0.12943,0.240566,0.147454,-0.065111,0.121019,5.0294,7.308,8.258,10.522,11.34,11.96,13.062,13.7,14.47,15.4,15.934999,16.534,17.822001,19.011,20.2148,57.170668,43.120524,61.215661,2643,2830,33.0305,34.112048,23.480116,24.241963,33.333333,34.414882,1527,1577,1541,1591,4623,6563
"0301060060490010_0001",-1231609.6424,-294961.434191,639191.952357944,3772385.52182096,"fourFri, P2","Apache",12.75,0.1,"1/10th Acre",0.329257990932092,105021,80.75,45.139398,9999,"PIPO","Ponderosa pine","none","Forest","update",251,6.136665344,4.417357,3.780159,1.292715,1.671112,0.292644,1.82,0.404966,2.795447,1.052487,0.91,0.939841,0.732066,0.054985,0.071322,0.165725,0.075109,0.097425,2.1163,2.4,2.8,3.27,3.46,3.64,3.97,4.3,4.69,5.07,5.28,5.52,6.15,6.72,7.5637,34.126865,28.188334,34.367937,2265,2281,18.93928,26.246798,15.632724,21.663371,19.059816,26.412536,1257,1742,1265,1753,6637,8092
"0301010011600025_0001",-1234949.50677,-333653.230954,641939.030583505,3733941.13977554,"fourFri, P2","Apache",12.75,0.1,"1/10th Acre",0.181859073461965,105021,106,61.577957,9999,"PIPO","Ponderosa pine","none","Forest","update",2958,48.2074852,15.813749,18.126667,5.63704,31.776219,0.356464,7.585,-0.722266,2.615315,4.581736,3.36,3.223334,3.136676,-0.567336,0.290631,0.198351,-0.180872,0.092656,3.12,4.28,6.23,10.76,12.46,13.93,15.51,17.33,18.389999,19.34,20.045,20.639999,22.17,22.93,24.438,40.858896,35.619048,45.889571,999,1122,26.09407,20.0409,20.984127,15.714286,27.034765,20.245399,638,490,661,495,2445,3150
"0301060060170005_0001",-1243813.36884,-283787.390059,625288.091217593,3781444.67121899,"fourFri, P2","Apache",12.75,0.2,"1/5th Acre",0.0885021863505244,53706,56,20.19379,9999,"PIPO","Ponderosa pine","none","Forest","update",3496.5,55.0383606,16.329938,7.945238,8.903896,79.279365,0.54525,16.35,0.167938,1.686347,7.906725,7.76,7.024763,5.120514,0.26897,-0.138115,0.313566,0.052528,-0.026973,2.4,3.8,5.06,7.26,8.23,9.32,12.2,14.97,19.41,22.84,24.58,25.959999,29.01,30.469999,31.84,65.024274,56.724443,82.822023,6295,8018,32.641256,51.089763,27.145384,44.584365,39.634335,65.096581,3160,4946,3837,6302,9681,14135
"0301060060490006_0001",-1231555.55428,-296280.395288,639454.368413261,3771104.67768667,"fourFri, P2","Apache",12.75,0.2,"1/5th Acre",0.0499135991558433,105021,106,56.673676,9999,"PIPO","Ponderosa pine","none","Forest","update",366.5,9.036169052,5.807189,2.01,3.36077,11.294775,0.578726,5.012501,0.983423,3.180287,2.76762,2.125,2.795,1.831655,0.457939,0.124609,0.315412,0.250014,0.068031,2.04,2.18,2.37,2.778,3,3.31,3.9,4.805,5.86,7.216,8.012501,8.554,10.781,12.480499,15.0605,13.711491,13.924964,15.100244,1402,1544,7.677262,18.503667,7.503608,18.53355,8.136919,20.0978,785,1892,832,2055,10225,11088
"0301010011560022_0001",-1209293.19605,-333309.884977,667410.051298859,3738253.29209438,"fourFri, P2","Apache",12.75,0.1,"1/10th Acre",0.811800505733117,88551,112,26.943076,9999,"PIPO","Ponderosa pine","none","Forest","update",1885,32.50349045,11.568105,10.314762,4.485728,20.121755,0.387767,6.12,0.352559,2.658799,3.610698,2.969999,2.884762,2.537225,0.201192,0.282792,0.219329,0.079296,0.111457,2.3656,4.77,5.76,7.89,8.45,8.96,10.084,10.97,12.09,13.79,14.57,15.5,17.997999,19.85,22.4288,54.378311,41.456583,62.262387,3490,3996,26.207541,33.748831,18.663762,24.276377,28.030539,36.459956,1682,2166,1799,2340,6418,9639
"0301060060020008_0001",-1212096.38403,-334255.265182,664772.185002327,3736891.98593226,"fourFri, P2","Apache",12.75,0.1,"1/10th Acre",0.761379235656932,88551,84,36.165861,9999,"PIPO","Ponderosa pine","none","Forest","update",1360,23.14300346,10.600879,10.909207,3.061104,9.370356,0.288759,4.25,-0.137149,2.663463,2.461483,2.1,2.099206,1.735065,-0.063648,0.194557,0.163672,-0.036683,0.112133,3.4276,5.418,6.532,7.734,8.41,8.96,10.17,10.92,11.532,12.19,12.66,13.12,14.556001,15.71,17.2324,33.557975,28.055518,35.97719,1942,2082,19.578365,18.074996,15.294435,14.122086,19.612926,18.109556,1133,1046,1135,1048,5787,7421
"0301060060590007_0001",-1231811.48226,-298130.207825,639489.7872286,3769249.83118415,"fourFri, P2","Apache",12.75,0.1,"1/5th Acre",0.0581610256340355,88551,101,33.557975,9999,"PIPO","Ponderosa pine","none","Forest","update",2936,55.10659409,15.692202,16.080001,5.034186,25.343032,0.320808,7.14,-0.011692,2.44235,4.10283,3.51,3.495,2.872125,-0.011219,0.27271,0.183029,-0.003906,0.094951,4.9761,7.5005,8.881001,11.11,11.94,12.79,14.51,15.93,17.1,18.507,19.08,19.790001,22.789001,24.540001,25.8739,44.53683,44.262948,59.215435,4178,5555,27.321181,26.084639,22.868526,21.673307,30.593753,28.994777,2563,2447,2870,2720,9381,12550
"0301060061620004_0001",-1225997.81349,-320024.307214,648707.768759013,3748689.57896853,"fourFri, P2","Apache",12.75,0.2,"1/10th Acre",0.867117662448436,53706,106,23.368183,9999,"PIPO","Ponderosa pine","none","Forest","update",982.9998169,20.81730461,7.738598,7.141428,2.793118,7.801509,0.360933,4.34,-0.065232,2.164866,2.340069,2.17,2.211429,1.604666,-0.031525,0.092002,0.207359,-0.019646,0.057334,2.2156,3.07,3.78,5.132,5.64,6.12,6.98,7.82,8.66,9.49,9.98,10.37,11.34,12.22,13.14,46.027524,37.44643,53.556147,3980,4631,27.443044,30.762114,20.053368,22.729846,28.680467,32.508384,2373,2660,2480,2811,8647,12367
"0301010011240008_0001",-1196031.87857,-331046.46134,680251.289966913,3742524.9547185,"fourFri, P2","Apache",12.75,0.1,"1/10th Acre",0.804272113600746,53706,112,18.099936,9999,"PIPO","Ponderosa pine","none","Forest","update",1942,38.60959625,9.259124,8.908889,3.13698,9.840643,0.338799,4.3325,-0.170927,2.474809,2.528329,2.170001,2.268889,1.78471,-0.08149,0.173933,0.192752,-0.04566,0.097457,2.62,3.6435,4.387,6.56,7.19,7.821,8.71,9.31,10.252,11.16,11.5225,12.05,13.23,14.07,15.6199,58.841031,43.692817,63.601587,4153,4489,32.672145,36.979314,22.60074,25.569398,32.898838,37.220176,2306,2610,2322,2627,7058,10274
"0301010011240013_0001",-1196510.45732,-331575.267298,679860.432487627,3741932.67474701,"fourFri, P2","Apache",12.75,0.2,"1/10th Acre",0.814728475408629,105021,98,45.21181,9999,"PIPO","Ponderosa pine","none","Forest","update",2394.999756,47.13359451,12.857161,7.212857,4.81605,23.194342,0.374581,8.160001,-0.062037,1.889029,4.184843,4.08,5.797143,2.775972,-0.041547,0.03247,0.215909,-0.014967,0.011697,3.4216,5.28,6.49,7.998,8.79,9.412,11.056001,13.01,14.84,16.067999,16.950001,17.752001,19.41,20.26,21.298399,36.069968,35.467378,45.013401,2557,3191,20.990267,33.008887,17.972658,30.710237,22.809987,38.975878,1488,2340,1617,2763,7089,8997
"0311010011310013_0001",-1210324.90399,-331433.048613,666091.234839396,3739929.0576794,"fourFri, P2","Apache",12.75,0.1,"1/10th Acre",0.473039699252695,88551,93,36.443085,9999,"PIPO","Ponderosa pine","none","Forest","update",449.9999695,8.885614395,10.622847,11.731905,5.907424,34.897654,0.556106,7.365,0.994745,3.263997,4.759634,3.52,4.901905,3.212437,0.749297,0.297007,0.302408,0.233249,0.092455,3.1308,3.93,4.66,5.38,5.765,6.252,7.49,9.16,11.573999,12.19,13.13,15.432,19.42,24.156,26.109201,26.84448,23.497899,29.684183,2023,2237,11.372081,9.20913,10.672269,8.792017,13.481953,11.106688,857,694,1016,837,7536,9520
"0301060061470026_0001",-1226584.34467,-317378.41081,647710.42340149,3751195.07107391,"fourFri, P2","Apache",12.75,0.1,"1/10th Acre",0.207746806554496,105021,101,79.239401,9999,"PIPO","Ponderosa pine","none","Forest","update",3555,68.26007843,15.048192,21.215556,6.196666,38.39867,0.411788,10.317501,-0.178501,1.986385,5.318427,5.169999,5.985557,3.565194,-0.166728,0.088621,0.236918,-0.046766,0.024857,2.3966,4.7145,6.363,8.918,10.285,11.36,13.03,15.23,17.42,19.52,20.602501,21.360001,23.126999,24.209999,25.719999,39.273828,41.195975,54.508321,2596,3603,24.538578,11.527988,21.392637,8.964098,28.305598,11.860817,1622,762,1871,784,6610,8746
"0301060060140021_0001",-1241519.97547,-282435.01655,627359.276489825,3783125.20595726,"fourFri, P2","Apache",12.75,0.2,"1/10th Acre",0.969238113379106,105021,78,65.024274,9999,"PIPO","Ponderosa pine","none","Forest","update",5992,104.1461716,18.476779,22.695397,5.442799,29.624056,0.294575,8.172501,-0.362986,2.499679,4.473957,4.245,4.505396,3.094713,-0.244547,0.241852,0.167492,-0.079021,0.07815,6.47,8.2125,10.986,13.756001,14.875,15.96,17.27,18.575001,20.448,22.320999,23.047501,23.66,25.216999,26.040001,28.6767,36.443085,40.635452,53.091545,1668,2430,22.918943,14.813196,20.48495,11.421405,26.764256,14.922438,1049,678,1225,683,4577,5980
"0301060060040026_0001",-1242261.48228,-282207.810415,626587.863609374,3783233.06234184,"fourFri, P2","Apache",12.75,0.2,"1/5th Acre",0.820844805100933,53706,112,12.855272,9999,"PIPO","Ponderosa pine","none","Forest","update",1889.499878,33.87085342,13.187284,13.78746,3.48507,12.145711,0.264275,4.815,-0.199871,2.622548,2.835816,2.400001,2.45746,1.981381,-0.077951,0.1985,0.150249,-0.039342,0.100182,5.375,7.12,8.35,10.18,10.81,11.37,12.34,13.45,14.27,15.13,15.625,16.26,17.709999,18.719999,20.4,45.21181,38.491446,50.834403,5283,5940,26.435601,22.909713,20.476931,17.671073,27.043218,23.337612,3089,2677,3160,2727,11685,15432
"0301010010310038_0001",-1202460.71392,-316308.933964,671548.247901682,3755980.68174407,"fourFri, P2","Apache",12.75,0.2,"1/5th Acre",0.975603819359094,105021,90,77.99842,9999,"PIPO_POTR5",NA,NA,NA,"update",4433.5,70.19080353,18.681514,15.942857,6.812423,46.409108,0.364661,9.96,-0.029339,2.33619,5.626382,4.98,5.512856,3.900291,-0.023592,0.307437,0.208778,-0.006049,0.078824,3.9498,7.41,9.52,12.35,13.53,14.84,16.794001,18.690001,20.799999,22.620001,23.49,24.768,28.18,29.896999,32.639999,50.837395,44.681608,66.77891,5737,7536,28.914488,36.756757,22.441598,29.319341,33.540097,43.819229,3263,4148,3785,4945,11285,16866
"0301010020490019_0002",-1217061.96404,-342692.606124,661154.210117932,3727849.06440419,"fourFri, P2","Apache",12.75,0.1,"1/10th Acre",0.601546976249665,105021,171,86.100108,9999,"PIPO_PSME","Ponderosa pine","Douglas fir","Forest","update",4542.000488,74.97084808,13.635868,16.532857,5.775513,33.356553,0.423553,7.935,-0.177013,2.184678,4.800004,3.82,4.427142,3.298428,-0.171931,0.235869,0.241893,-0.052125,0.07151,2.36,3.66,4.93,7.75,9.265,10.41,12.724,14.59,15.926001,16.792,17.200001,18.08,21.454,22.83,24.287401,36.424769,34.000841,45.313813,5200,6469,22.555338,13.75035,19.341953,11.715547,25.777529,15.613617,3220,1963,3680,2229,14276,19026
"0301010020660030_0001",-1229163.66068,-350850.672304,650393.543325671,3717975.41045983,"fourFri, P2","Apache",12.75,0.1,"1/10th Acre",0.404258841881528,105021,120,54.846457,9999,"PIPO_PSME","Ponderosa pine","Douglas fir","Forest","update",2582,47.11446381,13.597501,13.472698,4.71388,22.220664,0.346673,6.139999,-0.188014,2.657626,3.741238,3.07,3.117302,2.6699,-0.116689,0.316848,0.196352,-0.043706,0.118674,2.9058,5.21,6.608,9.86,10.66,11.533999,12.79,13.75,14.81,16.299999,16.799999,17.719999,19.639999,21.041,23.0084,54.17603,48.640297,73.689139,5786,7870,33.501873,34.531835,25.537701,26.304079,38.689139,39.850187,3578,3688,4132,4256,10680,16180
"0301010010450009_0001",-1197057.97246,-324146.200762,678150.12102705,3749136.04882281,"fourFri, P2","Apache",12.75,0.2,"1/10th Acre",0.294307101285085,88551,138,31.624001,9999,"PIPO_QUGA","Ponderosa pine","gambel oak","Woodland_Mix","update",5554.000488,85.50934601,15.631691,21.960635,7.287316,53.10497,0.466189,13.27,-0.133801,1.759383,6.406668,6.1,5.589365,4.192903,-0.168489,-0.036225,0.268231,-0.040184,-0.00864,2.845,4.06,5.54,7.64,8.61,10.25,13.35,16.879999,18.82,20.879999,21.879999,22.75,24.879999,26.465,28.02,77.58912,61.782158,103.784423,9185,12286,51.19108,25.477277,34.164739,15.412853,57.391451,25.891198,6060,3016,6794,3065,11838,19886
"0301010010640054_0001",-1208321.67749,-333769.485495,668450.615669484,3737952.94248993,"fourFri, P2","Apache",12.75,0.2,"1/10th Acre",0.230619640555233,53706,120,13.711491,9999,"PIPO_QUGA","Ponderosa pine","gambel oak","Woodland_Mix","update",656,17.90667152,6.120095,5.32,2.226725,4.958304,0.363838,2.385,0.94339,3.764493,1.688196,1.17,1.19,1.208579,0.218347,0.207392,0.197477,0.180664,0.1716,2.24,3.175,3.71,4.34,4.6175,4.86,5.34,5.72,6.18,6.7,7.0025,7.46,9.49,10.6625,12.6655,32.940197,27.013103,33.467462,2374,2412,14.250035,20.951852,11.625042,17.101579,14.402664,21.187734,1027,1510,1038,1527,7207,8929
"0301060060190014_0001",-1246183.90386,-281251.155022,622533.263049406,3783564.50261036,"fourFri, P2","Apache",12.75,0.1,"1/5th Acre",0.939807900693268,88551,122,34.126865,9999,"PIPO_TDMX","Ponderosa pine","Tree, deciduous species mix","Deciduous_Mix","update",515.5,10.7918396,12.129524,15.963809,3.633718,13.203908,0.299576,4.505,-0.80306,3.040149,2.887927,2.23,3.213809,2.013946,-0.353087,0.225838,0.166037,-0.175321,0.112137,2.5972,4.35,6.59,9.254,10.39,10.91,11.84,12.75,13.54,14.492,14.895,15.38,16.219999,16.837,17.5328,12.855272,12.790952,13.502272,1669,1753,7.756297,1.933297,7.406056,1.831448,7.817916,1.933297,1007,251,1015,251,12983,13705
"0301060061610004_0001",-1226914.78089,-320803.287845,647916.009103209,3747785.00389503,"fourFri, P2","Apache",12.75,0.1,"1/10th Acre",0.728692104341462,105021,160,80.091032,9999,"PIPU_POTR5",NA,NA,NA,"update",10042.99805,154.4846954,17.924987,24.202858,7.356753,54.121821,0.410419,12.73,-0.238234,1.867561,6.570755,5.780001,5.462859,4.195613,-0.333132,-0.016115,0.234065,-0.0794,-0.003841,3.3088,5.65,7.586,10.572,11.6,12.58,14.9,19.969999,21.969999,23.82,24.33,24.9,26.139999,27.209999,31.6504,87.75534,69.835983,129.718688,7518,11113,63.371075,33.53566,38.000377,18.676554,70.584802,34.691257,5429,2873,6047,2972,8567,15913
"0301010020660004_0001",-1228293.03445,-351399.001877,651344.120772405,3717573.47635613,"fourFri, P2","Apache",12.75,0.2,"1/5th Acre",0.0798945275601,105021,170,44.53683,9999,"POTR5","aspen","none","Deciduous ","update",0,20.83331299,13.149579,17.274285,5.196435,27.002942,0.395179,8.86,-0.219221,1.93743,4.49302,4.264999,3.995715,2.98699,-0.183414,0.046915,0.227155,-0.061404,0.015707,2.4755,4.3925,5.78,7.87,8.71,9.705,11.75,13.695,15.53,17.01,17.57,18.16,19.75,20.6175,21.9835,35.745126,31.442567,44.930001,5464,6868,22.451917,12.567055,16.870393,8.899876,24.107026,12.717519,3432,1921,3685,1944,15286,21843
"0301010011930001_0001",-1203125.43701,-333483.626395,673573.858747065,3739036.29009708,"fourFri, P2","Apache",12.75,0.2,"1/5th Acre",0.74911044863984,53706,180,10.315578,9999,"POTR5","aspen","none","Deciduous ","update",0,11.22996902,11.457584,13.048888,4.398664,19.348248,0.383909,6.615,-0.028203,2.238739,3.660165,3.27,3.258888,2.522579,-0.033594,0.172667,0.220167,-0.013317,0.068449,2.9177,4.14,5.23,7.338,8.045,8.8,10.36,11.605,12.99,14.09,14.66,15.346001,17.083,18.7715,20.5723,16.853175,18.559849,22.536066,2500,3343,10.125388,7.941216,9.626915,7.383966,11.689362,8.965889,1502,1178,1734,1330,14834,18012
"0301010011280006_0001",-1203776.33273,-331449.535576,672609.173421478,3740932.52852609,"fourFri, P2","Apache",12.75,0.2,"1/5th Acre",0.783882309682667,53706,118,14.89552,9999,"POTR5","aspen","none","Deciduous ","update",0,11.03582764,9.474646,9.525873,3.541248,12.540436,0.37376,4.630001,0.112397,2.889227,2.821604,2.31,2.314127,1.999322,0.019428,0.25265,0.211018,0.009717,0.126368,2.09,3.343,4.79,6.53,7.14,7.62,8.55,9.51,10.358,11.31,11.77,12.33,13.95,15.4335,18.0509,39.618991,32.715137,47.782408,5324,6421,23.143325,22.905194,17.24665,17.053039,25.18976,24.90698,3110,3078,3385,3347,13438,19627
"0301010011270005_0001",-1203092.69017,-331795.931788,673344.601702149,3740695.98194338,"fourFri, P2","Apache",12.75,0.2,"1/5th Acre",0.848878745455295,88551,67,26.290293,9999,"POTR5","aspen","none","Deciduous ","update",0,7.572525501,8.331978,7.122381,3.208962,10.297438,0.385138,4.835,0.372289,2.31273,2.668873,2.32,2.252381,1.828765,0.168906,0.124287,0.219487,0.092361,0.067962,2.6338,3.767,4.298,5.4,5.84,6.34,7.09,7.83,8.8,9.96,10.675,11.493999,13.02,14.05,15.4662,17.506959,16.78213,20.043303,2264,2592,8.451902,11.204763,7.504047,10.171577,8.962264,12.14816,1093,1449,1159,1571,12932,15445
"0301060061610007_0001",-1226982.13001,-321820.444368,648011.571348919,3746776.17403552,"fourFri, P2","Apache",12.75,0.2,"1/5th Acre",0.787808213382959,53706,34,15.476943,9999,"POTR5","aspen","none","Deciduous ","update",0,4.525120735,8.819877,6.996667,3.996696,15.973578,0.453146,5.45,0.556628,2.703787,3.242067,2.72,2.733333,2.25452,0.270381,0.20732,0.255618,0.119928,0.091957,2.2537,3.2585,3.947,5.14,5.74,6.19,7.22,8.44,9.43,10.48,11.19,12.246,14.67,16.323,19.0389,18.266733,16.656642,19.897198,3305,3600,9.141657,12.164926,8.03683,10.849951,9.600398,12.960814,1654,2201,1737,2345,18093,21613
"0301010020780003_0001",-1225382.80898,-353218.742945,654519.82421697,3716238.68421892,"fourFri, P2","Apache",12.75,0.2,"1/10th Acre",0.44764884817414,88551,104,30.620294,9999,"POTR5","aspen","none","Deciduous ","update",982.999939,18.08564186,13.329798,14.010952,4.185265,17.516441,0.313978,6.047499,-0.487791,2.583512,3.420953,3.035,3.005,2.370089,-0.254818,0.194513,0.177804,-0.107514,0.08207,2.4373,6.13,7.34,9.522,10.43,11.368999,12.81,13.95,14.81,15.88,16.477499,17.34,18.607,19.190001,20.18,45.139398,37.799274,57.336757,2461,3126,31.034483,27.696258,21.71705,18.960097,32.94204,28.760088,1692,1510,1796,1568,5452,8270
"0301060060930001_0001",-1219483.2915,-304189.206152,652708.191018758,3765222.78869313,"fourFri, P2","Apache",12.75,0.1,"1/5th Acre",0.848902642028406,105021,107,56.163184,9999,"POTR5","aspen","none","Deciduous ","update",1088,28.95191002,12.505977,15.815079,4.955914,24.561079,0.396284,7.79,-0.023348,2.173125,4.20637,3.745,4.185079,2.841782,-0.043522,0.149121,0.227234,-0.015315,0.052474,2.61,4.6105,5.76,7.532,8.47,9.29,11.06,12.96,14.47,15.76,16.26,16.778,18.66,20.99,22.723899,36.941986,32.13684,43.136676,3757,4387,21.819076,12.586037,17.04637,9.640319,22.881023,12.94002,2219,1280,2327,1316,10170,13651
"0301060060910001_0001",-1221169.68516,-303185.035075,650870.634996334,3765947.44517719,"fourFri, P2","Apache",12.75,0.2,"1/5th Acre",0.0706423644442111,88551,108,43.210925,9999,"POTR5","aspen","none","Deciduous ","update",0,16.66404152,12.15017,7.89381,6.557286,42.998002,0.539687,9.449999,0.771364,2.655628,5.431156,4,3.56381,3.642197,0.726945,0.267821,0.299765,0.19959,0.073533,3.021,4.06,4.97,6.47,7.1,7.72,8.79,10.24,12.21,14.84,16.549999,18.360001,22.200001,25.424999,28.509,40.365388,32.827197,48.777679,7711,9318,16.75653,28.676124,13.359169,22.65281,19.850285,33.659635,3201,5478,3792,6430,19103,28385
"0301010020780004_0001",-1224791.2411,-353168.86298,655098.862676897,3716379.85873136,"fourFri, P2","Apache",12.75,0.2,"1/10th Acre",0.488371803192422,88551,45,34.301008,9999,"POTR5","aspen","none","Deciduous ","update",1793,32.48692322,10.994362,13.398889,4.546758,20.673012,0.413554,7.5025,-0.383836,1.989999,3.893733,3.490001,3.06111,2.596389,-0.283878,0.056274,0.236156,-0.109336,0.021674,2.1283,2.81,3.993,6.336,7.27,8.31,10.32,11.82,13.21,14.25,14.7725,15.294,16.450001,17.129999,18.2317,61.577957,47.5351,77.066575,3598,4503,43.453705,31.165497,28.122031,19.360287,45.593017,31.387986,2539,1821,2664,1834,5843,9473
"0301010010310003_0001",-1201483.51285,-316593.348124,672565.470513958,3755851.78322566,"fourFri, P2","Apache",12.75,0.2,"1/5th Acre",0.858445496996865,88551,34,40.365388,9999,"POTR5","aspen","none","Deciduous ","update",0,14.22353649,13.779567,12.683333,4.731152,22.383801,0.343346,7.26,-0.022052,2.235396,3.945392,3.63,3.566667,2.714855,-0.00107,0.177522,0.19702,-0.000394,0.065389,3.82,5.93,7.6,9.47,10.17,10.88,12.38,13.72,15.17,16.610001,17.43,18.23,20.209999,21.549999,23.016,33.052378,29.297698,41.097915,6039,7509,18.34054,21.016912,14.561061,16.95279,20.425811,23.780855,3351,3840,3732,4345,18271,25630
"0301010020660049_0001",-1229690.21966,-350330.556112,649787.286220366,3718401.13066471,"fourFri, P2","Apache",12.75,0.1,"1/10th Acre",0.0685069439932704,105021,90,79.523983,9999,"POTR5","aspen","none","Deciduous ","update",5555.000977,95.91404724,19.671813,24.49381,6.328363,40.048176,0.321697,9.490001,-0.923424,2.788468,5.363554,2.68,2.23381,3.418173,-0.941583,0.194978,0.17376,-0.275464,0.057042,3.2607,7.1135,9.67,13.48,15.11,17.200001,19.719999,22.73,23.799999,24.379999,24.6,24.84,25.34,25.799999,27.969999,82.546732,62.93447,120.383137,12453,18161,69.494896,33.461487,38.181377,17.565929,73.034602,33.600689,10484,5048,11018,5069,15086,28857
"0301060060890041_0001",-1225286.08314,-304998.344446,647060.349461778,3763532.07354527,"fourFri, P2","Apache",12.75,0.2,"1/5th Acre",0.502552775200456,88551,95,36.941986,9999,"POTR5","aspen","none","Deciduous ","update",0,12.95671558,11.736562,14.402064,4.527376,20.497131,0.38575,6.43,-0.30776,2.351775,3.724399,3.139999,3.242064,2.580741,-0.197471,0.202758,0.219889,-0.076517,0.078566,2.1,3.37,5.02,7.71,8.65,9.47,10.96,12.22,13.39,14.54,15.08,15.97,17.389999,18.370001,19.98,34.301008,30.178687,44.13728,5447,7009,22.103275,13.608312,17.184069,9.817008,25.132242,14.357683,3510,2161,3991,2280,15880,23225
"0301010010960037_0001",-1204100.37017,-330093.894595,672074.50641065,3742213.94485491,"fourFri, P2","Apache",12.75,0.1,"1/5th Acre",0.285355632891878,105021,104.5,59.266802,9999,"POTR5","aspen","none","Deciduous ","update",0,35.04922104,17.937826,21.610001,7.954673,63.276827,0.443458,11.905,-0.124404,2.24456,6.661232,5.93,6.09,4.557254,-0.164421,0.302886,0.254058,-0.036079,0.066462,2.149,3.97,6.52,10.69,12.075,13.28,15.77,18.610001,20.92,22.870001,23.98,25.1,27.940001,30.435001,34.139999,33.574939,30.532744,43.191183,6763,8700,19.162985,13.721888,16.603495,11.433986,23.487067,16.174353,3860,2764,4731,3258,20143,28494
"0301060060880014_0001",-1226218.81889,-305682.764438,646237.67106715,3762717.72607109,"fourFri, P2","Apache",12.75,0.1,"1/5th Acre",0.113799549406394,105021,106,58.691406,9999,"POTR5","aspen","none","Deciduous ","update",230,7.035680294,7.205733,6.673333,3.139977,9.859455,0.435761,4.5675,0.518845,2.526754,2.569806,2.24,2.213333,1.777249,0.213115,0.143245,0.246644,0.119913,0.080599,2.13,2.79,3.4,4.28,4.7525,5.16,6,6.77,7.57,8.67,9.32,10,11.74,13.21,14.677,30.620294,26.181102,35.288634,4270,4921,15.503765,17.999283,12.417536,14.402,16.737182,19.411976,2162,2510,2334,2707,13945,18796
"0301060061080003_0001",-1228915.19231,-306749.505485,643723.149347144,3761252.73370962,"fourFri, P2","Apache",12.75,0.1,"1/5th Acre",0.430123168043792,105021,78,74.580067,9999,"POTR5","aspen","none","Deciduous ","update",0,6.544534206,10.733806,12.861111,4.032848,16.263863,0.375715,5.78,-0.421415,2.405817,3.329026,2.65,2.611111,2.283175,-0.256522,0.182073,0.212709,-0.112353,0.079745,2.0412,3.086,4.84,6.764,8.04,9.04,10.19,11.46,12.492,13.334,13.82,14.216001,15.35,16.34,18.5528,14.595833,14.824235,17.802989,1338,1632,9.719647,6.588851,8.565719,5.613589,10.286899,6.741573,891,604,943,618,9167,11009
"0301060061060007_0001",-1222180.26686,-306004.078432,650307.785425973,3763027.82979567,"fourFri, P2","Apache",12.75,0.1,"1/10th Acre",0.257203458342701,105021,80,57.178516,9999,"POTR5_PSME","aspen","Douglas fir","Deciduous_Mix","update",3961,73.01267242,15.004553,10.783175,7.018933,49.265423,0.467787,11.610001,0.179998,1.996675,6.049323,5.795,5.463174,4.034316,0.191232,0.109262,0.268873,0.047401,0.027083,2.67,4.47,5.99,8.29,9.32,10.289,11.83,14.405,16.967999,19.910999,20.93,21.653999,24.927,26.883499,29.200001,57.178516,51.464413,84.394904,6643,9805,33.095197,44.052333,24.968507,34.899223,40.945085,57.23016,3845,5118,4757,6649,11618,19052
"0301010020810049_0001",-1226853.02424,-353205.396131,653058.91659868,3716021.00449742,"fourFri, P2","Apache",12.75,0.2,"1/5th Acre",0.830220917705446,53706,27,14.595833,9999,"PSME","Douglas fir","none","Forest","update",1894,49.61963654,13.932651,18.336349,5.33192,28.429371,0.382692,8.16,-0.354083,2.176399,4.511587,3.829999,3.97635,3.040694,-0.296666,0.156686,0.218242,-0.097565,0.05153,2.6812,4.368,5.726,8.632,9.99,10.99,12.97,14.97,16.309999,17.58,18.15,18.73,20.27,21.370001,23.450001,56.673676,45.763961,74.586963,5660,7449,38.630219,17.612897,25.37937,10.954107,41.363773,17.853209,3858,1759,4131,1783,9987,16277
"0301060061050004_0001",-1221320.24011,-304927.859091,650997.181460807,3764213.10777906,"fourFri, P2","Apache",12.75,0.1,"1/10th Acre",0.467410832643509,105021,90,48.850186,9999,"PSME","Douglas fir","none","Forest","update",2052,50.29829025,13.96669,12.947143,5.44955,29.697597,0.390182,8.71,0.0718,2.140091,4.607615,4.360001,4.377143,3.131383,0.058215,0.15045,0.224204,0.018591,0.048046,3.17,5.44,6.925,8.74,9.62,10.55,12.1,13.55,15.51,17.5,18.33,19.290001,21.290001,22.7125,25.120999,74.580067,56.629592,102.929216,12654,17464,43.266341,47.904756,27.416583,31.012679,49.832027,56.368244,7341,8128,8455,9564,16967,30839
"0301060061050001_0001",-1221798.71392,-305635.748477,650630.664464141,3763447.01171695,"fourFri, P2","Apache",12.75,0.1,"1/10th Acre",0.620873340638354,88551,122,26.066667,9999,"PSME","Douglas fir","none","Forest","update",1825.000122,38.84786987,10.437037,10.433174,3.877747,15.036919,0.371537,5.357501,0.288257,2.706301,3.115096,2.685,2.67,2.199796,0.111471,0.232002,0.210768,0.050673,0.105465,3.12,4.33,5.24,6.99,7.69,8.25,9.37,10.24,11.15,12.375,13.047501,13.76,15.68,17.120001,19.99,58.691406,46.294785,71.205357,4207,5104,31.487165,31.487165,22.412698,22.412698,34.472656,34.472656,2257,2257,2471,2471,7168,11025
"0301010020490019_0001",-1218040.81944,-342798.892907,660194.755621857,3727593.35385906,"fourFri, P2","Apache",12.75,0.2,"1/10th Acre",0.650817764224485,105021,87.849998,66.108751,9999,"PSME","Douglas fir","none","Forest","update",2061,39.74404907,13.024913,14.087778,5.30165,28.107494,0.407039,8.057501,0.093108,2.463044,4.397023,3.950001,3.892222,3.025698,-0.000845,0.215303,0.232301,-0.000279,0.071158,3.25,4.42,5.59,7.82,8.7925,9.76,11.7,13.5,14.72,16.08,16.85,17.6,19.780001,21.247499,26.2555,62.847777,50.762481,79.742792,7477,9487,38.522317,33.731193,26.855369,23.125903,42.187106,36.328486,4583,4013,5019,4322,11897,18689
"0301010020680033_0001",-1228218.85704,-350233.774993,651235.081141652,3718725.96931027,"fourFri, P2","Apache",12.75,0.1,"1/10th Acre",0.11221119039692,88551,128,31.8298,9999,"PSME","Douglas fir","none","Forest","update",1695,34.77386856,8.841737,9.486191,3.386531,11.468589,0.383016,5.01,0.344184,2.771311,2.776915,2.52,2.553809,1.920992,0.105384,0.164783,0.217264,0.054859,0.08578,2.47,3.74,4.49,5.71,6.14,6.67,7.75,8.84,9.71,10.67,11.15,11.69,13.23,14.61,17.727999,72.090833,59.550131,81.174131,6889,7757,38.949351,33.434491,30.331644,25.978812,41.345751,35.412306,3722,3195,3951,3384,9556,13026
"0301010020900003_0001",-1224522.68833,-353910.049064,655487.210037183,3715691.92024188,"fourFri, P2","Apache",12.75,0.1,"1/10th Acre",0.41395136481151,105021,133,66.351169,9999,"PSME_TDMX","Douglas fir","Tree, deciduous species mix","Deciduous_Mix","update",2105,39.95201111,12.844656,15.9,5.161631,26.642439,0.401851,6.570001,0.005574,2.600115,4.148929,3.25,4.040001,2.925583,-0.038065,0.342203,0.227767,-0.013011,0.116969,2.4,3.85,5.322,8.296,9.61,10.43,11.738,13.02,14.46,15.526,16.18,16.657999,19.309999,22.092001,23.946001,26.943076,26.09375,31.992337,1969,2338,15.571976,8.62069,13.683036,7.566964,16.776136,9.277504,1138,630,1226,678,7308,8960
"0301010010640050_0001",-1206123.28961,-333904.133532,670660.832478099,3738162.51625435,"fourFri, P2","Apache",12.75,0.1,"1/5th Acre",0.0932121858932078,105021,111,59.495688,9999,"QUGA","gambel oak","none","Woodland_Mix","update",0,2.979090214,11.15738,14.12,4.217659,17.788647,0.378015,6.34,-0.313654,2.284234,3.516944,3.03,3.15,2.407922,-0.192664,0.161823,0.215814,-0.080013,0.067204,2.1,3.55,5.092,7.13,8.09,8.926001,10.408,11.71,12.79,13.94,14.43,14.96,16.387999,17.444,19.121601,13.618522,13.348429,15.295057,2047,2299,8.249617,4.47076,7.54224,3.919178,8.64214,4.490719,1240,672,1299,675,15031,17223
"0301010011280028_0001",-1205028.37089,-330207.94398,671169.770087902,3741955.44876269,"fourFri, P2","Apache",12.75,0.2,"1/5th Acre",0.312811212847009,88551,89,34.818397,9999,"QUGA","gambel oak","none","Woodland_Mix","update",0,14.71793938,14.449108,15.317778,4.466138,19.946392,0.309094,5.77,-0.384849,2.789698,3.551958,2.88,2.867778,2.516939,-0.204495,0.308704,0.174193,-0.081248,0.12265,3.7754,5.89,7.994,10.95,11.85,12.51,13.8,14.86,15.89,16.889999,17.620001,18.26,20.110001,21.219999,22.889999,34.729467,29.855775,41.739977,8922,10723,20.615025,17.773453,16.065263,13.665219,22.460101,19.10471,5296,4566,5770,4908,25690,35916
"0301010020780034_0001",-1224677.64434,-353282.195825,655232.66972903,3716285.84762758,"fourFri, P2","Apache",12.75,0.1,"1/5th Acre",0.804816467221826,88551,136,39.273828,9999,"QUGA","gambel oak","none","Woodland_Mix","update",0,17.22439194,14.976831,14.655714,7.321234,53.600473,0.488837,11.74,0.200894,2.16834,6.107602,5.89,5.894285,4.199742,0.187529,0.216313,0.280416,0.044652,0.051506,2.677,3.73,4.95,7.89,9.17,10.35,12.69,14.54,16.379999,19.66,20.91,22.09,24.610001,28.08,30.732,20.19379,21.118012,25.956104,2751,3536,10.548337,10.937385,10.194697,10.600812,12.53028,13.029436,1437,1490,1707,1775,13623,16744
"0301060060450004_0001",-1234873.0243,-294719.591138,0,0,"fourFri, P2","Apache",12.75,0.1,"1/10th Acre",0.52420882252045,105021,105.199997,87.75534,9999,"TEDX","Tree, evergreen and deciduous mix","none","Deciduous_Mix","update",1085,34.68988037,7.753661,7.471587,2.993305,8.959875,0.386051,4.31,0.230569,2.566484,2.433992,2.16,2.151587,1.704098,0.063339,0.158572,0.21978,0.037169,0.093053,2.238,3.01,3.73,4.94,5.44,6.05,6.94,7.68,8.52,9.3,9.75,10.33,11.74,12.89,15.118,54.846457,43.14804,63.252702,3197,3687,31.017327,33.745068,22.270334,24.330018,32.647109,35.666495,1808,1967,1903,2079,5829,8545
"0301010011280012_0001",-1203775.42016,-331003.707106,672539.29362341,3741370.37657485,"fourFri, P2","Apache",12.75,0.2,"1/10th Acre",0.988640514435247,53706,26,18.266733,9999,"TEDX","Tree, evergreen and deciduous mix","none","Deciduous_Mix","update",2206,43.61990356,10.104407,8.396667,3.686513,13.590376,0.364842,5.055,0.103038,2.581649,2.971142,2.51,2.906667,2.09687,0.02453,0.22174,0.20752,0.011698,0.105748,2.77,3.96,4.97,6.78,7.525,8.31,9.13,10.14,11.08,11.93,12.58,13.18,15.03,16.25,18.67,57.547906,45.872495,70.250585,6637,8102,34.336252,45.720975,23.406183,32.227381,35.844967,49.354028,3960,5273,4134,5692,11533,17662
"0301060061080037_0001",-1227811.86307,-305796.456499,644672.309923169,3762358.11611921,"fourFri, P2","Apache",12.75,0.1,"1/10th Acre",0.893051194725558,105021,101,46.027524,9999,"TEDX","Tree, evergreen and deciduous mix","none","Deciduous_Mix","update",680,14.90421104,7.711197,6.29,2.953043,8.72046,0.382955,4.525,0.222165,2.236063,2.443138,2.32,2.12,1.691707,0.090197,0.114064,0.219383,0.053317,0.067425,2.33,3.127,4.006,4.8,5.34,5.994,6.682,7.52,8.308001,9.33,9.865,10.35,12.096,12.923,13.9688,26.066667,24.453096,29.311111,1173,1319,13.577778,18.911111,12.1802,16.963293,14.6,20.333333,611,851,657,915,4500,5394
"0301060060920002_0001",-1220338.29367,-303352.447753,651725.928540647,3765911.68142642,"fourFri, P2","Apache",12.75,0.2,"1/10th Acre",0.654097804101184,53706,30.700001,20.323793,9999,"TEIX","Tree, evergreen shade-intolerant mix","none","Forest","update",5395,93.03440094,12.461508,17.818413,5.184521,26.879263,0.416043,8.73,-0.144954,1.955085,4.425758,4.3,5.018413,2.986384,-0.11909,0.076364,0.239649,-0.039878,0.025571,2.53,3.78,4.92,7.22,8.16,9.31,11.08,12.8,14.36,15.95,16.889999,17.700001,19.17,20.190001,21.5867,79.523983,63.061909,116.224564,4377,6397,53.524709,22.12936,33.270899,12.529574,61.319041,23.092297,2946,1218,3375,1271,5504,10144
"0301010010750003_0001",-1197402.65206,-324483.835753,677859.94880546,3748747.41066099,"fourFri, P2","Apache",12.75,0.2,"1/5th Acre",0.960420357761905,53706,29,16.180597,9999,"TEIX","Tree, evergreen shade-intolerant mix","none","Forest","update",780.999939,16.9432888,9.590112,9.77635,3.787174,14.342686,0.394904,5.69,0.094991,2.24791,3.122275,2.86,2.84635,2.171235,0.036909,0.153446,0.226403,0.016999,0.070672,2.5064,3.61,4.314,5.88,6.65,7.41,8.586,9.65,10.544,11.66,12.34,13.03,14.72,16.08,17.5472,34.675035,29.741585,37.644077,5746,6238,18.930662,18.254782,15.385716,14.83265,19.473779,18.773761,3137,3025,3227,3111,16571,20974
"0301010020780002_0001",-1226111.81435,-352761.226295,653725.097870506,3716573.61631555,"fourFri, P2","Apache",12.75,0.1,"1/5th Acre",0.644136785995215,88551,93.599998,26.84448,9999,"TEIX","Tree, evergreen shade-intolerant mix","none","Forest","update",715.499939,14.96244812,12.07857,2.01,4.907394,24.082514,0.406289,6.975,-0.534699,2.32166,4.053823,3.35,10.969999,2.77322,-0.379852,0.171687,0.229598,-0.136972,0.061909,2.06,2.321,4.198,7.484,9.205,10.066,11.468,12.98,14.05,15.498,16.18,16.746,17.82,18.469,19.8198,14.724791,15.312594,17.859974,1672,2028,10.03963,15.940114,9.324977,16.618846,10.876266,19.383531,1140,1810,1235,2201,11355,13244
"0301010020360006_0001",-1216467.08945,-342345.520524,661688.435606785,3728281.53265707,"fourFri, P2","Apache",12.75,0.2,"1/10th Acre",0.498885055072606,53706,84,23.103803,9999,"TEIX","Tree, evergreen shade-intolerant mix","none","Forest","update",2167.000244,40.69246292,12.304773,11.770794,4.062928,16.50738,0.330191,5.549999,-0.353012,2.518326,3.294177,2.775001,2.94,2.306069,-0.184671,0.223158,0.187413,-0.08008,0.09677,3.1253,4.7565,6.15,9.01,9.77,10.448999,11.67,12.525,13.79,14.79,15.32,15.93,17.280001,18.443501,20.01,56.770228,45.329422,66.755275,3417,4018,35.088885,38.843662,24.165162,26.974278,35.587307,39.724207,2112,2338,2142,2391,6019,8864
"0301010011230010_0001",-1197561.72603,-332450.238981,678950.230023991,3740912.77036205,"fourFri, P2","Apache",12.75,0.2,"1/10th Acre",0.157839335966855,53706,106,15.670313,9999,"TEIX","Tree, evergreen shade-intolerant mix","none","Forest","update",2566,44.12398529,16.917164,13.996191,7.023605,49.331023,0.415176,9.689999,-0.064524,2.294145,5.787869,4.805,5.653809,4.019133,-0.053432,0.333512,0.237577,-0.013294,0.082981,3.059,4.5925,6.73,10.66,12.52,13.54,14.81,16.92,18.91,20.780001,22.209999,23.379999,26.595001,28.09,30.682,40.76965,37.137586,51.152659,2246,2818,21.219822,27.518606,18.766473,24.973643,25.848611,34.398257,1169,1516,1424,1895,5509,7588
"0301060060500001_0001",-1233784.9298,-294148.718603,0,0,"fourFri, P2","Apache",12.75,0.2,"1/10th Acre",0.708777307067066,53706,101,21.680535,9999,"TETX","Tree, evergreen shade-intolerant mix","none","Forest","update",3925.000488,63.5378418,12.724514,13.575715,5.077726,25.783298,0.399051,7.77,-0.087725,2.18264,4.198833,3.9,3.965715,2.915056,-0.057698,0.187277,0.22909,-0.019793,0.064245,2.52,4.002,5.51,8.14,9.01,9.89,11.36,12.79,14.033999,15.69,16.780001,17.77,19.566,20.688,21.9896,80.091032,66.096505,105.529332,4751,6260,48.853675,42.987188,34.283603,29.72231,54.73702,47.454484,2898,2550,3247,2815,5932,9471
