PLOT_ID,X_albers,Y_albers,X_UTM,Y_UTM,Site,Forest,dbhThreshcm,PlotSizeAcres,PlotSize,RandomUniform,fpc,Elev_Class,CC_Class,Stratum,DOM_TYPE,Dom_Type_Label,Secondary_Label,LifeForm,ForestType,TCUFT,STBIOMS,Elev_ave,Elev_mode,Elev_stddev,Elev_variance,Elev_CV,Elev_IQ,Elev_skewness,Elev_kurtosis,Elev_AAD,Elev_MAD_median,Elev_MAD_mode,Elev_L2,Elev_L3,Elev_L4,Elev_LCV,Elev_Lskewness,Elev_Lkurtosis,Elev_P01,Elev_P05,Elev_P10,Elev_P20,Elev_P25,Elev_P30,Elev_P40,Elev_P50,Elev_P60,Elev_P70,Elev_P75,Elev_P80,Elev_P90,Elev_P95,Elev_P99,Pct_first_returns_above_ht,Pct_all_returns_above_ht,all_returns_above_ht_div_Total_first_returns_x_100,First_returns_above_ht,All_returns_above_ht,Pct_first_returns_above_mean,Pct_first_returns_above_mode,pct_all_returns_above_mean,pct_all_returns_above_mode,All_returns_above_mean_div_Total_first_returns_x_100,All_returns_above_mode_div_Total_first_returns_x_100,First_returns_above_mean,First_returns_above_mode,All_returns_above_mean,All_returns_above_mode,Total_first_returns,Total_all_returns
031102Lidar10001_0001,-1345210.555,-251757.003,519344.7345,3797058.471,"fourFri, P1",Sitgreaves,12.7,0.1,1/10 Acre,0.039486493,7998,1,2,ASP1_12,PIPO,update,update,update,update,321,7.3,5.21,4.42,1.21,1.46,0.23,1.77,-0.03,2.4,1,0.89,1.04,0.69,-0.006081,0.05,0.13,-0.008776,0.07,2.7,3.24,3.55,4.13,4.35,4.5,4.86,5.22,5.58,5.93,6.12,6.34,6.78,7.11,7.7,28.32,25.89,28.32,1258,1258,14.54,21.23,13.29,19.41,14.54,21.23,646,943,646,943,4441,4858
031102Lidar10002_0002,-1339102.677,-245562.2255,524442.3457,3804077.407,"fourFri, P1",Sitgreaves,12.7,0.2,1/5 Acre,0.837567705,7998,1,2,ASP1_12,PIPO,update,update,update,update,566.5,15.39,5.84,6.07,1.99,3.97,0.34,2.86,0.22,2.42,1.63,1.44,1.5,1.13,0.05,0.09,0.19,0.04,0.08,2.16,2.72,3.22,3.94,4.29,4.59,5.28,5.84,6.31,6.84,7.15,7.62,8.58,9.3,10.49,29.81,27.15,29.98,2295,2308,16.27,14.73,14.74,13.34,16.27,14.73,1253,1134,1253,1134,7698,8500
031102Lidar10003_0003,-1329289.379,-237464.0952,532927.0632,3813536.856,"fourFri, P1",Sitgreaves,12.7,0.1,1/10 Acre,0.640786219,7998,1,2,ASP1_12,JUDE2,update,update,update,update,1583.23,36.13,4,3.64,1.13,1.28,0.28,1.63,0.3,2.35,0.92,0.81,0.8,0.64,0.04,0.05,0.16,0.06,0.08,2.05,2.25,2.51,2.95,3.16,3.36,3.65,3.88,4.19,4.54,4.79,5.01,5.67,6.04,6.47,28.75,26.96,28.75,805,805,16.96,22,15.91,20.63,16.96,22,475,616,475,616,2800,2985
031102Lidar10004_0004,-1357255.35,-227346.9356,503495.9154,3819088.322,"fourFri, P1",Sitgreaves,12.7,0.1,1/10 Acre,0.60769052,7998,1,2,ASP1_12,PIPO,update,update,update,update,469.26,15.05,5.33,3.13,2.26,5.13,0.42,3.83,0.38,1.97,1.97,1.79,1.78,1.29,0.14,0.006553,0.24,0.1,0.00506,2.1,2.32,2.58,3.11,3.34,3.65,4.13,4.91,5.97,6.65,7.17,7.65,8.66,9.17,10.31,25.55,24.65,25.65,770,773,14.57,24.82,14,23.95,14.57,24.92,439,748,439,751,3013,3135
031102Lidar10005_0005,-1342432.273,-230577.6638,518758.6084,3818234.084,"fourFri, P1",Sitgreaves,12.7,0.1,1/10 Acre,0.411239595,7998,1,2,ASP1_12,JUDE2_PIED,update,update,update,update,1131.23,24.95,4.71,2.99,1.68,2.82,0.35,2.94,0.25,1.84,1.48,1.41,1.5,0.96,0.07,-0.01,0.2,0.07,-0.01,2.13,2.39,2.66,3.02,3.21,3.4,3.83,4.5,5.32,5.8,6.15,6.52,7.09,7.4,7.99,35.26,32.26,35.47,2018,2030,21.07,35.36,19.17,32.36,21.07,35.57,1206,2024,1206,2036,5723,6291
031102Lidar10006_0006,-1346322.325,-246830.1291,517459.1055,3801710.955,"fourFri, P1",Sitgreaves,12.7,0.2,1/5 Acre,0.618796029,8194,2,2,ASP1_22,PIPO,update,update,update,update,840,17.64,8.83,8.08,2.33,5.47,0.26,3.68,-0.1,2.23,1.95,1.85,1.86,1.34,-0.02,0.07,0.15,-0.02,0.05,3.56,5.11,5.67,6.54,7.02,7.5,8.18,8.85,9.59,10.33,10.71,11.08,11.93,12.49,13.29,29.55,27.33,30.01,1679,1705,15.13,18.5,13.78,16.86,15.13,18.51,860,1051,860,1052,5681,6237
031102Lidar10007_0007,-1351453.474,-224150.4063,508763.6259,3823122.653,"fourFri, P1",Sitgreaves,12.7,0.1,1/10 Acre,0.985525328,7831,1,1,ASP1_11,JUMO,update,update,update,update,663.85,16.78,3.27,2.43,0.92,0.85,0.28,1.27,0.93,3.36,0.74,0.6,0.62,0.5,0.1,0.04,0.15,0.2,0.09,2.04,2.16,2.28,2.45,2.54,2.61,2.82,3.06,3.35,3.64,3.81,4,4.67,5.06,5.89,12.49,12.3,12.49,322,322,10.04,19.16,9.89,18.87,10.04,19.16,259,494,259,494,2578,2617
031102Lidar10008_0008,-1349171.587,-236661.9946,513014.9412,3811225.656,"fourFri, P1",Sitgreaves,12.7,0.1,1/10 Acre,0.438630317,7831,1,1,ASP1_11,PIPO,update,update,update,update,157.91,19.89,3.36,2.44,1.01,1.02,0.29,1.35,1.58,7.69,0.75,0.65,0.77,0.53,0.1,0.07,0.15,0.19,0.14,2.04,2.13,2.27,2.5,2.59,2.75,3,3.22,3.45,3.73,3.94,4.09,4.51,5.14,7.43,19.3,19.21,19.54,708,717,14.06,26.96,14.01,26.74,14.25,27.2,516,989,523,998,3668,3731
031102Lidar10009_0009,-1364996.144,-243007.3501,498273.4303,3802544.87,"fourFri, P1",Sitgreaves,12.7,0.1,1/10 Acre,0.040161785,7968,2,1,ASP1_21,PIPO,update,update,update,update,766.34,16.2,8.67,7.62,2.29,5.28,0.26,2.89,-0.62,3.13,1.81,1.45,1.81,1.28,-0.14,0.16,0.14,-0.11,0.12,2.59,3.71,5.82,6.93,7.41,7.75,8.35,8.88,9.44,10,10.31,10.74,11.51,11.92,12.72,23.68,21.76,23.81,1297,1304,13.26,17.71,12.11,16.19,13.26,17.71,726,970,726,970,5475,5991
031102Lidar10010_0010,-1362534.898,-243764.1672,500842.2139,3802187.315,"fourFri, P1",Sitgreaves,12.7,0.2,1/5 Acre,0.588684055,8049,3,1,ASP1_31,PIPO,update,update,update,update,939.52,18.63,9.39,2.9,5.52,30.53,0.58,9.7,0.38,1.74,5,4.29,4.43,3.12,0.4,-0.1,0.33,0.12,-0.03,2.14,2.57,3.07,3.97,4.44,4.94,5.95,7.34,11.78,13.5,14.14,15.02,17.22,19.1,20.17,22.34,21.69,23.11,1339,1385,11.12,22.57,10.77,21.91,11.48,23.34,667,1353,688,1399,5993,6384
031102Lidar10011_0011,-1345393.356,-250243.0318,518923.3579,3798512.894,"fourFri, P1",Sitgreaves,12.7,0.1,1/10 Acre,0.449907398,8278,3,2,ASP1_32,PIPO,update,update,update,update,1496,27.71,12.49,15.28,3.78,14.35,0.3,5.72,-0.35,2.43,3.17,2.81,2.91,2.15,-0.16,0.14,0.17,-0.07,0.06,3.31,5.82,7.41,9.2,9.8,10.38,11.32,12.92,14,15.09,15.53,15.94,17.23,17.99,19.25,30.01,28.47,31.61,1683,1773,16.85,8.96,15.2,8.07,16.88,8.96,945,503,947,503,5608,6227
031102Lidar10012_0012,-1354563.233,-239958.8183,508171.6968,3807156.728,"fourFri, P1",Sitgreaves,12.7,0.2,1/5 Acre,0.898139974,8278,3,2,ASP1_32,PIPO,update,update,update,update,1132.14,19.89,14.33,17.1,4.16,17.37,0.29,4.92,-1,3.33,3.31,2.11,2.1,2.25,-0.53,0.29,0.15,-0.23,0.12,2.75,5.35,7.98,10.98,12.37,13.16,14.45,15.6,16.42,17.06,17.29,17.53,18.5,19.38,20.53,26.57,25.58,27.86,1584,1661,17.11,8.23,15.84,7.57,17.26,8.25,1020,491,1029,492,5961,6493
031102Lidar10013_0013,-1360094.164,-236405.9187,502105.5711,3809774.313,"fourFri, P1",Sitgreaves,12.7,0.1,1/10 Acre,0.71635399,8278,3,2,ASP1_32,PIPO,update,update,update,update,1854.09,30.16,15.21,16.98,2.51,6.34,0.16,3.41,-0.66,3.47,2.03,1.71,1.84,1.4,-0.16,0.13,0.09,-0.11,0.09,8.1,10.89,11.47,13.27,13.74,14.02,14.77,15.45,16.29,16.9,17.15,17.41,18.06,18.77,19.55,27.58,26.33,28.92,1070,1122,15.33,8.22,13.96,7.48,15.33,8.22,595,319,595,319,3879,4261
031102Lidar10014_0014,-1357695.657,-236701.4891,504539.0484,3809858.675,"fourFri, P1",Sitgreaves,12.7,0.2,1/5 Acre,0.666554281,8049,3,1,ASP1_31,PIPO,update,update,update,update,1002.09,16.79,15.07,14.29,2.91,8.5,0.19,3.55,-1.03,5.53,2.19,1.79,2,1.57,-0.18,0.25,0.1,-0.11,0.16,4.2,10.17,11.6,12.98,13.57,13.99,14.64,15.26,15.95,16.75,17.12,17.48,18.27,19.2,20.99,15.62,15.29,16.36,1038,1087,8.73,10.68,8.21,10.09,8.79,10.79,580,710,584,717,6643,7106
031102Lidar10015_0015,-1354259.052,-239331.3425,508375.043,3807818.666,"fourFri, P1",Sitgreaves,12.7,0.2,1/5 Acre,0.732644655,8049,3,1,ASP1_31,NVG,update,update,update,update,480.5,8,15.25,15.15,5.09,25.97,0.33,9.02,-0.29,1.93,4.33,4.37,4.48,2.92,-0.24,0.03,0.19,-0.08,0.01,5.87,6.69,7.47,9.76,10.78,12.12,14.73,15.58,17.19,19.1,19.8,20.21,21.47,22.18,23.62,13.95,13.98,14.81,859,912,7.97,8.09,7.68,7.82,8.14,8.28,491,498,501,510,6154,6519
031102Lidar10016_0016,-1337765.195,-243575.3385,525458.9966,3806231.715,"fourFri, P1",Sitgreaves,12.7,0.2,1/5 Acre,0.807590615,8278,3,2,ASP1_32,PIPO,update,update,update,update,1746.21,30.67,16.74,11.87,7.36,54.21,0.43,10.31,-0.62,2.23,6.2,4.53,8.59,4.12,-0.7,0.18,0.24,-0.17,0.04,2.21,2.94,3.84,10.25,12.15,13.26,16.18,19.18,20.73,21.83,22.46,23.17,24.52,26.36,27.37,27.18,28.69,31.94,1336,1570,17.92,22.54,17.43,23.57,19.41,26.25,881,1108,954,1290,4914,5471
031102Lidar10017_0017,-1357906.293,-232224.9432,503620.6081,3814209.876,"fourFri, P1",Sitgreaves,12.7,0.2,1/5 Acre,0.50958016,8278,3,2,ASP1_32,PIPO,update,update,update,update,3774.5,65.54,21.05,18,5.69,32.48,0.27,7.96,-0.21,2.32,4.66,4.01,4.85,3.25,-0.13,0.23,0.15,-0.04,0.07,8.25,10.85,13.07,16.18,17.41,18.08,19.55,21.1,22.66,24.23,25.37,26.96,28.88,29.77,30.48,24.43,27.77,31.54,1573,2031,13.99,18.79,14.05,19.62,15.96,22.28,901,1210,1028,1435,6438,7313
031102Lidar10018_0018,-1331092.903,-235991.0621,530899.3776,3814698.65,"fourFri, P1",Sitgreaves,12.7,0.1,1/10 Acre,0.275422462,8194,2,2,ASP1_22,JUNIP_PIPO,update,update,update,update,1211.48,25.06,6.16,4.41,2.79,7.81,0.45,4.43,0.51,2.16,2.39,1.99,1.77,1.58,0.22,0.05,0.25,0.14,0.03,2.09,2.45,2.83,3.62,3.93,4.21,4.71,5.44,6.46,7.77,8.36,9.06,10.3,11.19,12.43,37.67,33.02,38.37,1032,1051,18.43,28.14,15.93,24.63,18.51,28.62,505,771,507,784,2739,3182
031102Lidar10019_0019,-1360668.319,-243575.738,502669.6185,3802662.823,"fourFri, P1",Sitgreaves,12.7,0.1,1/10 Acre,0.132380213,8438,2,3,ASP1_23,POTR5,update,update,update,update,1350.73,34.04,9.19,10.34,2.55,6.51,0.27,3.53,-0.24,2.82,2.06,1.7,1.68,1.44,-0.1,0.15,0.15,-0.07,0.1,3.21,4.66,5.61,6.94,7.47,7.99,8.76,9.45,10.15,10.72,11,11.37,12.12,12.75,15,53.66,44.13,56.95,1354,1437,30.83,21.32,23.95,16.55,30.91,21.36,778,538,780,539,2523,3256
031102Lidar10020_0020,-1348442.134,-230593.296,512780.3293,3817282.523,"fourFri, P1",Sitgreaves,12.7,0.1,1/10 Acre,0.437204004,8438,2,3,ASP1_23,PIPO,update,update,update,update,1056.8,23.99,6.56,2.37,2.61,6.86,0.39,4.04,-0.07,2.16,2.17,1.89,4.42,1.49,-0.04,0.07,0.22,-0.02,0.05,2.05,2.32,2.56,3.85,4.47,5.14,6.08,6.8,7.46,8.18,8.52,8.82,9.86,10.72,11.94,44.98,38.07,45.33,892,899,28.29,49.57,23.8,42.18,28.34,50.22,561,983,562,996,1983,2361
031102Lidar10021_0021,-1341247.901,-233199.6504,520352.0947,3815850.842,"fourFri, P1",Sitgreaves,12.7,0.1,1/10 Acre,0.227375928,8438,2,3,ASP1_23,PIPO,update,update,update,update,2844.69,52.55,8.82,10.91,3.29,10.83,0.37,5.08,-0.14,2.17,2.78,2.52,2.57,1.88,-0.07,0.1,0.21,-0.04,0.05,2.14,3.07,4.22,5.68,6.31,6.84,7.98,9.04,10.13,11.01,11.4,11.86,12.94,13.78,15.44,53.21,45.04,55.69,2596,2717,30.09,18.2,24.45,14.72,30.23,18.2,1468,888,1475,888,4878,6032
031102Lidar10022_0022,-1333341.18,-245145.2035,530109.4575,3805383.131,"fourFri, P1",Sitgreaves,12.7,0.1,1/10 Acre,0.675785831,8438,2,3,ASP1_23,PIPO,update,update,update,update,1704.62,34.13,8.57,10.04,2.63,6.96,0.3,3.4,-0.57,2.81,2.1,1.7,1.8,1.48,-0.18,0.16,0.17,-0.12,0.11,2.21,3.07,4.51,6.44,7.09,7.51,8.19,8.86,9.59,10.21,10.49,10.82,11.73,12.31,13.12,49.68,43.07,51.23,1249,1288,29.55,17.93,24.88,15.08,29.59,17.93,743,451,744,451,2514,2990
031102Lidar10023_0023,-1349762.973,-249510.909,514459.8147,3798549.198,"fourFri, P1",Sitgreaves,12.7,0.1,1/10 Acre,0.775134634,8113,3,3,ASP1_33,PIPO,update,update,update,update,1817,33.81,10.06,10.19,4.41,19.51,0.43,7,-0.02,2.06,3.69,3.49,3.48,2.54,-0.03,0.12,0.25,-0.01,0.04,2.23,2.77,3.67,5.65,6.45,7.35,8.98,10.29,11.38,12.85,13.45,14.23,15.8,17.14,18.7,48.17,41.39,51.47,1385,1480,28.34,27.58,23.18,22.48,28.83,27.96,815,793,829,804,2875,3575
031102Lidar10024_0024,-1348019.402,-245697.8238,515591.3287,3802555.575,"fourFri, P1",Sitgreaves,12.7,0.1,1/10 Acre,0.971382858,8194,2,2,ASP1_22,PIPO,update,update,update,update,1279.82,24.73,10.09,8.79,3.57,12.79,0.35,4.63,-0.13,2.57,2.88,2.37,2.81,2.03,-0.04,0.22,0.2,-0.02,0.11,2.22,3.61,5.08,7.58,8.01,8.38,9.08,9.88,11.03,12.29,12.64,13.17,14.81,15.63,17.57,34.25,31.88,36.39,1057,1123,17.59,23.65,15.64,21.35,17.85,24.36,543,730,551,752,3086,3522
031102Lidar10025_0025,-1348515.528,-249598.2899,515714.8294,3798657.974,"fourFri, P1",Sitgreaves,12.7,0.1,1/10 Acre,0.696687546,8278,3,2,ASP1_32,PIPO,update,update,update,update,2967,50.98,12.78,12.5,2.6,6.76,0.2,3.74,-0.15,3.08,2.09,1.88,1.91,1.46,-0.01,0.15,0.11,-0.01,0.1,6.63,8.95,9.57,10.31,10.85,11.31,12.25,12.85,13.56,14.23,14.59,14.95,16.19,17.15,18.45,34.25,30.9,36.01,1342,1411,18.17,20.16,15.65,17.38,18.24,20.26,712,790,715,794,3918,4566
031102Lidar10026_0026,-1359148.814,-238593.2412,503392.6141,3807779.482,"fourFri, P1",Sitgreaves,12.7,0.1,1/10 Acre,0.884866162,8113,3,3,ASP1_33,PIPO,update,update,update,update,1890,33.86,11.88,11.59,3.36,11.29,0.28,4.25,-0.27,2.86,2.64,2.11,2.18,1.89,-0.1,0.25,0.15,-0.05,0.13,3.57,5.8,7.27,9.21,9.85,10.41,11.42,12.09,12.86,13.67,14.1,14.6,16.07,17.33,18.93,42.95,38.19,46.1,2947,3163,24.19,26.32,20.22,22.03,24.41,26.6,1660,1806,1675,1825,6860,8281
031102Lidar10027_0027,-1365778.097,-225427.9457,494710.5812,3819639.099,"fourFri, P1",Sitgreaves,12.7,0.1,1/10 Acre,0.157390938,8113,3,3,ASP1_33,PIPO,update,update,update,update,2222.67,40.51,10.73,11.05,3.04,9.24,0.28,3.91,0.33,2.95,2.4,1.96,2.03,1.71,0.11,0.22,0.15,0.06,0.13,4.33,6.19,6.99,8.19,8.62,9,9.82,10.58,11.26,12.06,12.53,13.07,14.99,16.41,18.36,62.75,51.92,65.67,1801,1885,30.94,27.97,24.79,22.42,31.35,28.36,888,803,900,814,2870,3630
031102Lidar10028_0028,-1354907.976,-250700.1003,509528.8829,3796582.689,"fourFri, P1",Sitgreaves,12.7,0.1,1/10 Acre,0.541468818,8278,3,2,ASP1_32,PIPO,update,update,update,update,2462,40.05,12.83,13.48,3.31,10.97,0.25,4.84,-0.7,3.28,2.67,2.3,2.28,1.84,-0.24,0.19,0.14,-0.13,0.1,3.11,7.2,8.51,10.08,10.63,11.27,12.4,13.45,14.05,14.97,15.47,15.8,16.64,17.37,18.27,38.29,34.56,40.48,1052,1112,22.71,20.24,19.42,17.31,22.75,20.27,624,556,625,557,2747,3217
031102Lidar10029_0029,-1338038.975,-236666.9851,524093.9269,3812954.975,"fourFri, P1",Sitgreaves,12.7,0.1,1/10 Acre,0.593100112,8194,2,2,ASP1_22,PIPO,update,update,update,update,1599.25,30.63,9.26,5.87,4.25,18.06,0.45,7.45,0.12,1.81,3.69,3.67,3.38,2.44,0.08,-0.003454,0.26,0.03,-0.001411,2.29,2.88,3.75,5.2,5.71,6.08,7.39,8.96,10.45,12.45,13.16,13.59,15.14,15.9,17.36,36.15,33.3,38.07,1864,1963,19.08,28.36,16.98,25.75,19.41,29.44,984,1462,1001,1518,5155,5894
031102Lidar10030_0030,-1360647.989,-240195.9977,502154.6705,3805976.108,"fourFri, P1",Sitgreaves,12.7,0.1,1/10 Acre,0.768370093,8113,3,3,ASP1_33,TEIX,update,update,update,update,4440.08,74.17,11.87,9.24,5.21,27.24,0.43,7.63,0.35,2.69,4.28,3.83,3.79,2.96,0.19,0.24,0.24,0.06,0.08,2.59,3.81,5.17,7.14,8.09,8.75,10.08,11.33,12.87,14.93,15.72,16.62,18.91,20.56,25.57,48.09,43.8,53.06,1036,1143,23.72,33.84,20.39,30.01,24.69,36.35,511,729,532,783,2154,2609
031102Lidar10031_0031,-1368595.259,-235307.8736,493472.5656,3809524.458,"fourFri, P1",Sitgreaves,12.7,0.1,1/10 Acre,0.79472202,8278,3,2,ASP1_32,TEIX,update,update,update,update,3509.14,80.89,14.39,14.69,4.44,19.71,0.3,5.84,-0.37,2.81,3.46,2.77,2.87,2.49,-0.19,0.34,0.17,-0.07,0.13,3.6,5.99,8.23,10.42,11.45,12.56,14.24,14.94,15.49,16.47,17.29,18.18,19.92,21.48,22.95,39.1,39.07,45.48,2720,3164,24.97,23.54,23.03,21.6,26.81,25.14,1737,1638,1865,1749,6956,8097
031102Lidar10032_0032,-1335993.258,-240511.286,526737.6645,3809508.603,"fourFri, P1",Sitgreaves,12.7,0.1,1/10 Acre,0.055278796,8278,3,2,ASP1_32,PIPO,update,update,update,update,3846,60.4,14.83,2.86,8.41,70.78,0.56,16.56,-0.07,1.53,7.53,8.42,11.95,4.82,-0.1,-0.31,0.32,-0.02,-0.06,2.17,2.74,3.41,5.02,5.93,7.48,12.14,14.82,19.27,21.59,22.49,23.62,25.7,26.61,27.54,39.56,36.76,46.67,1024,1208,21.87,40.03,19.65,37.21,24.96,47.25,566,1036,646,1223,2588,3286
031102Lidar10033_0033,-1331429.952,-238295.9573,530928.4031,3812388.858,"fourFri, P1",Sitgreaves,12.7,0.1,1/10 Acre,0.746530132,8113,3,3,ASP1_33,PIPO,update,update,update,update,1933.99,39.55,14.25,20.38,5.52,30.48,0.38,9.41,-0.34,2,4.73,4.53,5.32,3.16,-0.3,0.05,0.22,-0.09,0.01,2.64,4.48,6.27,8.78,9.52,10.95,13.18,15.06,16.83,18.33,18.93,19.84,21.04,21.7,22.77,51.09,48.94,61.96,1264,1533,31.64,10.54,26.21,8.33,33.18,10.54,783,261,821,261,2474,3132
031102Lidar10034_0034,-1361105.883,-239816.0729,501638.8881,3806276.827,"fourFri, P1",Sitgreaves,12.7,0.1,1/10 Acre,0.500703488,8113,3,3,ASP1_33,PIPO_PIST3,update,update,update,update,3273.94,50.36,13.03,7.07,5.18,26.85,0.39,8.68,-0.16,2.03,4.41,4.3,6.42,2.98,-0.13,0.1,0.22,-0.04,0.03,2.63,4.15,5.95,7.69,8.7,9.73,11.61,13.5,14.94,16.51,17.38,18.11,19.61,20.75,22.32,54.86,50.96,64,1608,1876,32.17,48.68,27.32,44.63,34.32,56.05,943,1427,1006,1643,2931,3681
031102Lidar10035_0035,-1353067.142,-232824.5518,508531.0348,3814376.799,"fourFri, P1",Sitgreaves,12.7,0.1,1/10 Acre,0.774026258,8438,2,3,ASP1_23,PIPO,update,update,update,update,2617.31,46.8,10.09,10.28,2.46,6.07,0.24,3.15,-0.39,3.17,1.93,1.56,1.57,1.38,-0.1,0.19,0.13,-0.07,0.13,3.55,5.71,6.78,8.15,8.59,8.99,9.7,10.3,10.88,11.47,11.74,12.08,13.04,13.83,15.25,66.59,51.8,69.5,1511,1577,37.5,35.16,27.95,26.21,37.5,35.16,851,798,851,798,2269,3044
031102Lidar10036_0036,-1367920.652,-237214.1943,494445.8461,3807762.673,"fourFri, P1",Sitgreaves,12.7,0.1,1/10 Acre,0.214867935,8438,2,3,ASP1_23,PIPO,update,update,update,update,1427.36,32.95,7.81,8.3,2.19,4.81,0.28,3.06,-0.02,2.61,1.78,1.53,1.57,1.24,-0.005378,0.13,0.15,-0.004308,0.1,2.92,4.04,5,5.95,6.3,6.6,7.21,7.83,8.42,9.04,9.36,9.74,10.73,11.42,12.56,67.34,53.98,68.75,1912,1952,35.01,29.27,27.48,22.98,35.01,29.27,994,831,994,831,2839,3616
031102Lidar10037_0037,-1361789.322,-226269.3271,498813.2742,3819436.934,"fourFri, P1",Sitgreaves,12.7,0.1,1/10 Acre,0.990806627,8438,2,3,ASP1_23,PIPO,update,update,update,update,2115.29,38.98,7.86,8.74,2.1,4.41,0.26,2.83,-0.46,2.94,1.67,1.4,1.44,1.18,-0.09,0.14,0.15,-0.08,0.12,2.42,3.75,5.05,6.27,6.55,6.91,7.53,8.04,8.53,9.07,9.38,9.65,10.49,11.08,11.79,77.6,56.3,79.88,3198,3292,43.77,29.67,30.87,20.91,43.8,29.67,1804,1223,1805,1223,4121,5847
031102Lidar10038_0038,-1368049.869,-229748.9516,493134.5166,3815053.465,"fourFri, P1",Sitgreaves,12.7,0.1,1/10 Acre,0.350367201,8438,2,3,ASP1_23,PIPO,update,update,update,update,5402.97,92.32,11.94,13.51,3.39,11.55,0.28,3.59,-1.07,3.59,2.6,1.69,1.64,1.82,-0.42,0.29,0.15,-0.23,0.16,2.69,4.2,6.46,9.95,10.68,11.2,12.11,12.76,13.39,13.98,14.28,14.62,15.43,15.99,17.34,78.72,60.08,84.01,2191,2338,52.96,32.59,37.93,23.31,53.03,32.59,1474,907,1476,907,2783,3891
031102Lidar10039_0039,-1359814.122,-230658.3829,501474.0238,3815446.673,"fourFri, P1",Sitgreaves,12.7,0.1,1/10 Acre,0.000202704,8113,3,3,ASP1_33,PIPO,update,update,update,update,3454,62.81,11.2,11.01,3.68,13.57,0.32,5.59,-0.27,2.43,3.02,2.8,2.78,2.1,-0.12,0.17,0.18,-0.06,0.08,2.83,4.62,6.06,7.98,8.51,9.11,10.52,11.37,12.47,13.45,14.1,14.66,15.88,16.73,18.05,74.98,59.82,81.14,2335,2527,42.38,44.31,31.72,33.14,43.03,44.95,1320,1380,1340,1400,3114,4224
031102Lidar10040_0040,-1342966.744,-236071.7872,519096.0271,3812770.327,"fourFri, P1",Sitgreaves,12.7,0.1,1/10 Acre,0.556478543,8438,2,3,ASP1_23,PIPO,update,update,update,update,2147.23,37.91,9.73,9.22,3.27,10.72,0.33,3.82,0.31,3.27,2.51,1.91,1.95,1.82,0.09,0.3,0.18,0.05,0.16,2.69,4.13,5.74,7.12,7.65,8.16,8.87,9.57,10.33,11.04,11.47,12.01,14.28,15.83,18.47,69.09,52.85,73.07,4788,5064,34.86,40.37,25.75,29.89,35.61,41.32,2416,2798,2468,2864,6930,9581
031102Lidar10041_0041,-1336503.771,-247622.4328,527354.1787,3802464.331,"fourFri, P1",Sitgreaves,12.7,0.1,1/10 Acre,0.188066705,8438,2,3,ASP1_23,PIPO,update,update,update,update,1677,29.83,11.33,12.42,2.88,8.32,0.25,3.79,-0.53,3.11,2.31,1.84,1.92,1.61,-0.16,0.18,0.14,-0.1,0.11,3.58,5.82,7.57,8.91,9.61,10.07,10.83,11.68,12.43,13.05,13.41,13.83,14.78,15.42,16.88,63.43,49.13,66.98,2033,2147,36.47,27.14,26.95,19.97,36.75,27.23,1169,870,1178,873,3205,4370
031102Lidar10042_0042,-1359709.368,-243061.1334,503542.2968,3803316.304,"fourFri, P1",Sitgreaves,12.7,0.1,1/10 Acre,0.76288314,8438,2,3,ASP1_23,PIPO,update,update,update,update,3003,51.04,10.96,11.72,3.54,12.58,0.32,4.69,-0.64,2.68,2.84,2.26,2.24,1.98,-0.3,0.2,0.18,-0.15,0.1,2.54,3.8,5.15,7.84,8.97,9.74,10.82,11.59,12.34,13.23,13.66,14.09,14.96,15.65,16.87,68.99,52.64,75.5,2775,3037,44.45,37.61,31.07,26.26,44.57,37.66,1788,1513,1793,1515,4022,5769
031102Lidar10043_0043,-1365817.193,-240353.7845,497036.185,3805015.773,"fourFri, P1",Sitgreaves,12.7,0.1,1/10 Acre,0.296138821,8113,3,3,ASP1_33,TEIX,update,update,update,update,4095.02,71.01,12.46,14.1,3.68,13.54,0.29,4.84,-0.69,2.95,2.95,2.17,2,2.04,-0.33,0.25,0.16,-0.16,0.12,2.91,5.19,6.79,9.42,10.18,11.03,12.44,13.29,14.06,14.7,15.03,15.41,16.5,17.48,19.11,83.63,70.67,94.21,4672,5263,56.49,37.45,42.68,28.18,56.91,37.57,3156,2092,3179,2099,5586,7447
031102Lidar10044_0044,-1364424.058,-232729.6869,497214.7548,3812699.652,"fourFri, P1",Sitgreaves,12.7,0.1,1/10 Acre,0.521697768,8113,3,3,ASP1_33,PIPO,update,update,update,update,7679.57,113.58,18.94,20.38,4.1,16.81,0.21,4.85,-1.57,6.67,3.06,2.29,2.16,2.13,-0.47,0.37,0.11,-0.22,0.17,2.76,12.31,13.89,16.2,16.73,17.34,18.93,19.94,20.63,21.2,21.58,22.07,23.16,23.84,24.92,73.78,60.04,79.78,2190,2368,47.97,35.95,36.38,27.15,48.34,36.08,1424,1067,1435,1071,2968,3944
031102Lidar10045_0045,-1352263.783,-240914.07,510610.9713,3806579.494,"fourFri, P1",Sitgreaves,12.7,0.1,1/10 Acre,0.359983324,8113,3,3,ASP1_33,ABCO,update,update,update,update,5132.26,83.66,12.77,5.46,6.61,43.71,0.51,10.64,0.35,2.27,5.5,5.3,6.85,3.77,0.3,0.19,0.29,0.08,0.05,2.29,3.22,4.34,5.99,7.04,8.48,10.36,12.32,14.11,16.29,17.69,18.94,22.35,24.23,28.54,64.52,56.97,74.06,1433,1645,33.49,57.18,28.16,49.84,36.6,64.79,744,1270,813,1439,2221,2887
031102Lidar10046_0046,-1368945.084,-235221.9207,493110.8546,3809554.094,"fourFri, P1",Sitgreaves,12.7,0.1,1/10 Acre,0.042472125,8113,3,3,ASP1_33,POTR5_TDMX,update,update,update,update,5652.58,103.38,12.04,14.87,4.44,19.78,0.36,5.67,-0.76,2.58,3.61,2.31,2.04,2.43,-0.51,0.22,0.2,-0.21,0.09,2.39,3.22,4.16,7.85,9.59,10.98,12.45,13.36,14.19,14.91,15.27,15.66,16.49,17.12,19.36,94.14,81.01,110.34,4903,5747,72.06,35.08,53.32,25.79,72.63,35.13,3753,1827,3783,1830,5208,7094
031102Lidar10047_0047,-1347644.786,-229599.9972,513416.5968,3818379.479,"fourFri, P1",Sitgreaves,12.7,0.1,1/10 Acre,0.369230559,8113,3,3,ASP1_33,PIPO,update,update,update,update,2599.78,43.42,12.83,8.8,5.65,31.99,0.44,8.34,0.3,2.28,4.72,4.14,4.13,3.23,0.23,0.21,0.25,0.07,0.06,2.61,4.66,5.66,7.81,8.69,9.16,10.57,12.19,13.92,16.15,17.03,18.08,21,22.74,25.61,58.48,50.31,62.91,3275,3523,27.58,44.73,23.36,38.07,29.21,47.6,1545,2505,1636,2666,5600,7002
031102Lidar10048_0048,-1351630.028,-232347.2298,509885.572,3815068.182,"fourFri, P1",Sitgreaves,12.7,0.1,1/10 Acre,0.181423934,8113,3,3,ASP1_33,PSME,update,update,update,update,5627.68,86.91,16.32,6.79,8.34,69.55,0.51,15.29,0.06,1.79,7.21,7.64,9.26,4.81,0.09,-0.01,0.29,0.01,-0.00281,2.72,3.78,5.27,7.33,8.54,10.23,13.47,16.05,19.04,22.41,23.83,24.94,27.49,29.9,31.44,65.56,59.54,80.59,1213,1491,36.05,57.24,29.91,50.67,40.48,68.59,667,1059,749,1269,1850,2504
031102Lidar10049_0049,-1363492.87,-243273.0699,499811.2639,3802518.969,"fourFri, P1",Sitgreaves,12.7,0.1,1/10 Acre,0.293422662,8113,3,3,ASP1_33,PIPO,update,update,update,update,4222.42,67.45,12.41,13.7,3.41,11.65,0.27,3.82,-1.11,3.79,2.61,1.79,1.72,1.83,-0.42,0.28,0.14,-0.23,0.15,2.66,4.77,7.01,10.33,11,11.59,12.44,13.25,13.89,14.52,14.82,15.17,15.84,16.5,17.53,69.74,57.23,75.52,2174,2354,46.26,33.62,35.08,25.48,46.29,33.62,1442,1048,1443,1048,3117,4113
031102Lidar10050_0050,-1339842.635,-241773.4969,523106.8037,3807672.879,"fourFri, P1",Sitgreaves,12.7,0.1,1/10 Acre,0.436616137,8113,3,3,ASP1_33,PIPO,update,update,update,update,3630,66.18,12.35,12.27,6.41,41.15,0.51,7.79,0.72,2.88,5.04,3.9,4.04,3.56,0.55,0.42,0.28,0.15,0.11,2.36,3.57,4.78,6.61,7.48,8.51,10.03,11.32,12.8,14.34,15.27,17.18,22.45,25.88,28.25,73.53,59.42,84.21,2576,2950,33.28,33.91,27.15,27.61,38.48,39.13,1166,1188,1348,1371,3503,4964
031102Lidar10051_0051,-1342449.793,-248717.2966,521610.8672,3800465.843,"fourFri, P1",Sitgreaves,12.7,0.1,1/10 Acre,0.791346895,8113,3,3,ASP1_33,PIPO,update,update,update,update,3017,49.43,11.24,6.12,7.08,50.18,0.62,10.89,0.83,2.29,5.96,3.25,3.01,3.83,0.94,0.22,0.34,0.24,0.05,2.31,3.19,4.06,5.48,6.09,6.52,7.68,8.71,9.75,12.31,16.99,20.11,23.54,24.83,25.99,75.84,59.74,83.11,2107,2309,23.43,59.68,19.3,46.36,26.85,64.5,651,1658,746,1792,2778,3865
031102Lidar10052_0052,-1342022.404,-247722.8709,521878.8385,3801506.41,"fourFri, P1",Sitgreaves,12.7,0.1,1/10 Acre,0.287350347,8113,3,3,ASP1_33,PIPO,update,update,update,update,3954,64.73,13.32,9.33,4.95,24.54,0.37,7.67,0.16,2.41,4.08,3.83,4.14,2.82,0.11,0.21,0.21,0.04,0.07,2.88,5.93,7.31,8.82,9.44,10.15,11.69,13,14.22,16.38,17.11,17.89,19.88,21.75,24.54,58.81,47.52,64.47,1568,1719,30.04,46.92,22.89,36.79,31.05,49.92,801,1251,828,1331,2666,3617
031102Lidar10053_0053,-1344344.964,-248955.9615,519762.9061,3799936.857,"fourFri, P1",Sitgreaves,12.7,0.1,1/10 Acre,0.382774511,8113,3,3,ASP1_33,PIPO,update,update,update,update,5484,79.74,17.52,8.92,8.29,68.84,0.47,15.96,-0.17,1.48,7.6,7.73,10.92,4.71,-0.26,-0.32,0.26,-0.05,-0.06,4.1,5.39,6.22,8.31,9.07,9.86,14.21,19.84,22.53,24.24,25.03,25.7,27.67,28.29,30.18,59.86,51.03,69.05,2012,2321,35.37,45.84,28.21,39.2,38.17,53.04,1189,1541,1283,1783,3361,4548
031102Lidar10054_0054,-1340174.572,-241620.8351,522752.3529,3807770.693,"fourFri, P1",Sitgreaves,12.7,0.1,1/10 Acre,0.94440027,8113,3,3,ASP1_33,PIPO,update,update,update,update,2997.83,49.24,14.8,9.4,6.91,47.76,0.46,10.25,0.46,2.28,5.68,4.41,4.69,3.91,0.46,0.28,0.26,0.12,0.07,3.07,5.05,6.59,8.88,9.58,10.33,11.99,13.54,15.3,17.5,19.83,21.42,26,27.32,29.52,72.88,56.6,81.89,1594,1791,30.49,56.56,24.24,43.71,35.07,63.23,667,1237,767,1383,2187,3164
031102Lidar10055_0055,-1341586.448,-238930.2102,520921.7913,3810185.921,"fourFri, P1",Sitgreaves,12.7,0.1,1/10 Acre,0.051996563,8113,3,3,ASP1_33,PIPO_PSME,update,update,update,update,9057.41,145.98,19.19,26.9,8.97,80.56,0.46,15.78,-0.36,1.87,7.86,6.12,6.13,5.1,-0.57,0.02,0.26,-0.11,0.005627,2.32,3.88,5.73,9,10.86,13.45,17.66,22.04,24.11,25.65,26.65,27.3,29.01,31.4,34.43,70.33,66.74,90.45,1849,2378,46.67,21.03,38.67,15.88,52.41,21.52,1227,553,1378,566,2629,3563
031102Lidar10056_0056,-1349217.953,-242406.8021,513877.9631,3805592.111,"fourFri, P1",Sitgreaves,12.7,0.1,1/10 Acre,0.233684855,8113,3,3,ASP1_33,PIPO,update,update,update,update,3880,63.13,16.52,18.63,7.7,59.39,0.46,10.04,-0.39,2.27,6.23,4.9,4.62,4.35,-0.42,0.36,0.26,-0.09,0.08,2.13,2.61,3.38,9.3,11.77,13.35,16.24,17.87,19.27,20.82,21.82,22.95,26.6,28.2,29.7,67.86,58.94,82.01,3324,4017,47.85,37.68,37.49,28.77,52.16,40.03,2344,1846,2555,1961,4898,6815
031102Lidar10057_0057,-1356043.718,-249653.1616,508233.1568,3797431.137,"fourFri, P1",Sitgreaves,12.7,0.1,1/10 Acre,0.03137415,8113,3,3,ASP1_33,PIPO,update,update,update,update,3918.92,70.79,13.24,6.59,7.21,52.12,0.54,13.88,0.04,1.41,6.75,6.99,7.09,4.09,0.08,-0.33,0.3,0.01,-0.08,2.2,3.43,4.55,5.77,6.34,6.86,8.16,13.69,17.42,19.37,20.23,20.85,22.39,23.48,25.09,74.49,59.99,81.25,1907,2080,40.62,56.75,31.64,45.16,42.85,61.17,1040,1453,1097,1566,2560,3467
031102Lidar10058_0058,-1349529.873,-248898.7128,514594.8779,3799185.141,"fourFri, P1",Sitgreaves,12.7,0.1,1/10 Acre,0.971742077,8113,3,3,ASP1_33,PIPO,update,update,update,update,3328,57.26,12.77,13.43,2.87,8.28,0.22,3.5,-0.86,4.01,2.19,1.75,1.66,1.57,-0.22,0.25,0.12,-0.14,0.16,4.06,7.02,9.11,10.79,11.26,11.78,12.48,13.12,13.73,14.41,14.76,15.12,16.09,16.79,17.86,75.94,54.31,79.88,3908,4111,44.2,36.31,30.1,24.74,44.28,36.39,2275,1869,2279,1873,5146,7569
031102Lidar10059_0059,-1350613.852,-247621.2374,513314.181,3800267.469,"fourFri, P1",Sitgreaves,12.7,0.1,1/10 Acre,0.318969921,8113,3,3,ASP1_33,PIPO,update,update,update,update,3847.18,58.07,13.95,13.53,2.48,6.17,0.17,2.99,-1.06,5.03,1.88,1.48,1.71,1.34,-0.2,0.2,0.09,-0.15,0.15,6.8,9.58,10.7,12.06,12.7,13.16,13.75,14.27,14.74,15.42,15.7,16.09,16.74,17.26,18.04,68.96,52.21,72.17,1933,2023,40.56,46.84,29.37,33.97,40.59,46.94,1137,1313,1138,1316,2803,3874
031102Lidar10060_0060,-1345996.619,-246277.091,517695.6935,3802303.364,"fourFri, P1",Sitgreaves,12.7,0.1,1/10 Acre,0.59177922,8113,3,3,ASP1_33,PIPO,update,update,update,update,3117.34,52.93,12.24,14.01,3.38,11.48,0.27,4.78,-0.39,2.67,2.75,2.39,2.32,1.91,-0.17,0.19,0.15,-0.09,0.1,3.96,5.99,7.35,9.32,9.95,10.5,11.69,12.69,13.51,14.29,14.73,15.2,16.34,17.06,18.84,65.33,53.17,70.52,3741,4038,38.49,23.9,29.23,18.06,38.77,23.96,2204,1369,2220,1372,5726,7594
031102Lidar10061_0061,-1344752.321,-243774.523,518537.889,3804948.284,"fourFri, P1",Sitgreaves,12.7,0.1,1/10 Acre,0.539636855,8113,3,3,ASP1_33,PIPO,update,update,update,update,3792.69,61.9,12.7,14.16,3.68,13.61,0.29,5.23,-0.31,2.53,3.06,2.68,2.89,2.1,-0.12,0.15,0.16,-0.05,0.07,3.2,6.76,7.88,9.47,10.29,10.61,11.65,13.01,14.14,14.99,15.52,16.16,17.5,18.27,19.33,68.85,56.25,74.03,1448,1557,38.32,29.48,29.69,22.5,39.08,29.62,806,620,822,623,2103,2768
031102Lidar10062_0062,-1340965.806,-238304.012,521440.3333,3810895.873,"fourFri, P1",Sitgreaves,12.7,0.1,1/10 Acre,0.994114257,8113,3,3,ASP1_33,PIPO,update,update,update,update,1552,29.35,10.99,10.89,3.49,12.21,0.31,4.75,-0.26,2.91,2.75,2.34,2.39,1.96,-0.09,0.25,0.17,-0.04,0.13,2.34,4.35,6.71,7.95,8.68,9.26,10.46,11.21,11.89,12.88,13.43,13.93,15.37,16.58,18.45,49.23,41.25,52.32,2939,3123,28.36,29.06,22.64,23.23,28.71,29.46,1693,1735,1714,1759,5969,7570
031102Lidar10063_0063,-1342532.812,-235467.8032,519432.2835,3813429.428,"fourFri, P1",Sitgreaves,12.7,0.1,1/10 Acre,0.052530176,8113,3,3,ASP1_33,PIPO,update,update,update,update,3495.66,57.5,12.08,11.95,3.28,10.81,0.27,4.82,-0.19,2.61,2.68,2.44,2.43,1.87,-0.04,0.16,0.15,-0.02,0.08,3.81,6.63,7.99,9.25,9.75,10.21,11.25,12.05,13,14.08,14.58,15.16,16.46,17.22,18.43,73.51,53.9,78.69,1560,1670,38.64,40.38,26.75,28.01,39.06,40.9,820,857,829,868,2122,3098
031102Lidar10064_0064,-1343733.688,-243773.2188,519551.2732,3805108.245,"fourFri, P1",Sitgreaves,12.7,0.1,1/10 Acre,0.820427377,8438,2,3,ASP1_23,PIPO,update,update,update,update,2541,45.03,9.51,10.26,2.54,6.49,0.26,3.04,-0.77,3.47,1.97,1.46,1.44,1.39,-0.21,0.22,0.14,-0.15,0.15,2.58,3.89,5.95,7.66,8.2,8.64,9.35,9.97,10.44,10.93,11.24,11.55,12.27,13.02,14.29,66.74,51.95,68.91,1881,1942,40.45,30.94,30.52,23.32,40.48,30.94,1140,872,1141,872,2818,3738
031102Lidar10065_0065,-1342024.527,-242118.622,520990.2467,3806995.006,"fourFri, P1",Sitgreaves,12.7,0.1,1/10 Acre,0.042173461,8438,2,3,ASP1_23,PIPO,update,update,update,update,1598,35.32,7.32,8.14,2.41,5.81,0.32,3.3,-0.4,2.43,1.97,1.61,1.6,1.36,-0.13,0.11,0.18,-0.1,0.08,2.14,2.74,3.43,5.21,5.8,6.24,6.97,7.67,8.27,8.83,9.11,9.45,10.23,10.75,11.83,66.36,51.38,67.49,1878,1910,40.21,30.74,30.61,23.4,40.21,30.74,1138,870,1138,870,2830,3717
031102Lidar10066_0066,-1342842.885,-240292.9814,519887.1094,3808655.542,"fourFri, P1",Sitgreaves,12.7,0.1,1/10 Acre,0.317252434,8438,2,3,ASP1_23,PIPO,update,update,update,update,1048.22,23.49,6.16,6.07,2.2,4.86,0.35,2.89,0.6,3.28,1.73,1.4,1.45,1.23,0.12,0.15,0.19,0.1,0.12,2.31,2.9,3.43,4.31,4.62,4.89,5.44,5.99,6.47,7.05,7.51,7.93,9.25,10.2,12.21,66.74,51.97,67.59,1493,1512,32.9,34.64,25.33,26.71,32.94,34.73,736,775,737,777,2237,2909
031102Lidar10067_0067,-1351580.975,-251552.8065,512974.0563,3796265.936,"fourFri, P1",Sitgreaves,12.7,0.1,1/10 Acre,0.969277265,8113,3,3,ASP1_33,PIPO,update,update,update,update,5451,85.63,18.38,22.13,7.61,57.98,0.41,11.19,-0.8,2.4,6.32,4.13,3.82,4.18,-0.95,0.24,0.22,-0.22,0.05,2.18,3.22,4.97,10.86,13.15,16.37,19.17,20.87,22.32,23.54,24.34,24.95,26.39,27.22,28.04,54.18,51.31,66.07,2517,3069,40.66,28.35,33.77,22.25,43.48,28.65,1889,1317,2020,1331,4645,5981
031102Lidar10068_0068,-1350482.912,-251157.9878,514004.1137,3796823.753,"fourFri, P1",Sitgreaves,12.7,0.1,1/10 Acre,0.72166092,8113,3,3,ASP1_33,PIPO,update,update,update,update,2228.88,49.09,13.1,12.27,4.83,23.37,0.36,5.99,0.05,2.9,3.76,2.96,2.97,2.71,0.0074,0.4,0.2,0.002724,0.14,2.76,4.29,6.19,9.39,10.13,10.99,12.04,13.01,14.1,15.36,16.13,16.99,19.09,21.32,24.68,50.76,44.07,54.25,2562,2738,25.89,30.25,22.02,25.78,27.1,31.74,1307,1527,1368,1602,5047,6212
031102Lidar10069_0069,-1351082.615,-250201.8554,513256.1325,3797666.817,"fourFri, P1",Sitgreaves,12.7,0.1,1/10 Acre,0.651950919,8194,2,2,ASP1_22,PIPO,update,update,update,update,1004,25.65,8.27,8.28,3.59,12.92,0.43,5.32,0.33,2.32,2.94,2.69,2.76,2.05,0.16,0.15,0.24,0.07,0.07,2.1,2.63,3.81,4.99,5.4,5.89,6.96,8.14,8.86,9.95,10.72,11.62,13.85,14.75,16.16,36.72,33.67,39.35,1828,1959,19.8,19.74,17.53,17.48,20.49,20.42,986,983,1020,1017,4978,5818
031102Lidar10070_0070,-1350920.704,-248082.2296,513081.8145,3799768.138,"fourFri, P1",Sitgreaves,12.7,0.1,1/10 Acre,0.013438158,8113,3,3,ASP1_33,PIPO,update,update,update,update,2140.28,38.02,13.75,12.47,4.77,22.76,0.34,6.55,0.3,2.57,3.86,3.26,3.34,2.7,0.17,0.28,0.19,0.06,0.1,4.64,6.44,7.6,9.45,10.45,11.21,12.1,13.3,14.59,16.2,17,17.75,20.48,22.67,24.76,41.03,38.02,45.39,2380,2633,20.51,24.79,17.93,21.74,21.41,25.96,1190,1438,1242,1506,5800,6925
031102Lidar10071_0071,-1349103.617,-247031.625,514723.568,3801080.275,"fourFri, P1",Sitgreaves,12.7,0.1,1/10 Acre,0.13644157,8278,3,2,ASP1_32,PIPO,update,update,update,update,1971,36,10.53,2.76,5.88,34.59,0.55,8.3,0.46,2.31,4.73,4.16,7.16,3.32,0.37,0.22,0.31,0.11,0.06,2.11,2.51,2.92,4.59,5.73,7.13,8.68,9.93,11.12,12.45,14.03,16.26,20.02,21.1,23.91,39.85,36.6,43.82,2205,2425,20.62,41.47,18.59,38.11,22.26,45.63,1141,2295,1232,2525,5533,6625
031102Lidar10072_0072,-1365633.006,-241847.9153,497456.1143,3803581.143,"fourFri, P1",Sitgreaves,12.7,0.1,1/10 Acre,0.15414926,8113,3,3,ASP1_33,PIPO,update,update,update,update,2489.88,47.99,9.79,6.67,4.17,17.43,0.42,6.42,-0.07,2.07,3.56,3.2,4.07,2.4,-0.05,0.1,0.24,-0.02,0.04,2.11,2.67,3.62,6.04,6.64,7.25,8.34,9.91,11.47,12.59,13.06,13.73,15.17,16.3,17.84,50.84,48.28,53.89,1385,1468,28.92,41.74,26.21,38.98,29.25,43.5,788,1137,797,1185,2724,3040
031102Lidar10073_0073,-1364850.854,-242399.7576,498321.7611,3803162.601,"fourFri, P1",Sitgreaves,12.7,0.1,1/10 Acre,0.507891918,8113,3,3,ASP1_33,PSME,update,update,update,update,2251.21,41.59,11.05,11.63,3.53,12.51,0.31,5.32,-0.41,2.39,2.93,2.63,2.62,2.01,-0.19,0.13,0.18,-0.09,0.06,2.69,4.75,5.96,7.71,8.62,9.23,10.44,11.47,12.47,13.42,13.95,14.44,15.37,16.01,17.13,55.92,49.15,60.97,3372,3676,32.9,29.8,26.85,24.2,33.3,30.02,1984,1797,2008,1810,6029,7478
031102Lidar10074_0074,-1362734.64,-240471.1699,500121.9744,3805381.349,"fourFri, P1",Sitgreaves,12.7,0.1,1/10 Acre,0.129347336,8438,2,3,ASP1_23,TEIX,update,update,update,update,2299.41,44.59,10.83,10.11,3.45,11.93,0.31,4.79,-0.24,2.61,2.82,2.41,2.62,1.96,-0.11,0.18,0.18,-0.05,0.09,2.35,4.86,6.05,7.88,8.65,9.1,10.04,11.02,12.09,12.88,13.44,13.99,14.95,15.97,18.12,57.34,51.4,62.83,3174,3478,32.91,37.43,27.04,30.94,33.06,37.83,1822,2072,1830,2094,5535,6766
031102Lidar10075_0075,-1359747.047,-239923.7702,503008.0303,3806383.151,"fourFri, P1",Sitgreaves,12.7,0.1,1/10 Acre,0.488330427,8113,3,3,ASP1_33,PIPO,update,update,update,update,2205.07,42.2,13.74,14.15,2.72,7.42,0.19,3.04,-0.03,3.76,2.04,1.46,1.48,1.49,-0.03,0.28,0.1,-0.02,0.19,7.13,9.05,9.95,11.8,12.23,12.64,13.28,13.93,14.4,14.95,15.27,15.62,16.7,18.79,20.91,47.84,42.94,50.99,1320,1407,26.85,23.01,22.68,19.41,26.93,23.05,741,635,743,636,2759,3276
031102Lidar10076_0076,-1358801.03,-239169.8507,503829.9771,3807268.972,"fourFri, P1",Sitgreaves,12.7,0.1,1/10 Acre,0.874294119,8113,3,3,ASP1_33,PIPO,update,update,update,update,1816,29.9,13.29,13.23,2.8,7.87,0.21,3.61,-0.58,3.32,2.2,1.82,1.86,1.56,-0.15,0.2,0.11,-0.09,0.13,5.73,7.98,9.3,11.1,11.71,12.11,12.9,13.46,14.28,14.94,15.33,15.63,16.71,17.43,18.55,47.4,40.35,50.02,1105,1166,26.34,27.06,21.28,21.87,26.38,27.11,614,631,615,632,2331,2889
031102Lidar10077_0077,-1350016.282,-243243.259,513215.9624,3804648.493,"fourFri, P1",Sitgreaves,12.7,0.1,1/10 Acre,0.300457012,8113,3,3,ASP1_33,PIPO,update,update,update,update,2367.13,43.07,10.88,12.07,3.97,15.8,0.36,4.5,0.56,3.35,3.02,2.24,2.59,2.19,0.2,0.36,0.2,0.09,0.16,2.89,4.8,5.98,7.5,8.31,8.92,9.84,10.64,11.42,12.31,12.81,13.33,16.02,19.5,21.16,56.06,46.58,58.92,1433,1506,27.19,19.2,22.02,15.68,27.85,19.83,695,491,712,507,2556,3233
031102Lidar10078_0078,-1350002.603,-242222.5673,513068.045,3805650.294,"fourFri, P1",Sitgreaves,12.7,0.1,1/10 Acre,0.870675315,8113,3,3,ASP1_33,PIPO,update,update,update,update,1786,38.71,10.2,13.77,4.29,18.47,0.42,7.12,-0.14,1.9,3.68,3.58,3.69,2.47,-0.1,0.04,0.24,-0.04,0.01,2.28,3.14,3.78,6,6.8,7.49,9.07,10.3,11.86,13.33,13.92,14.39,15.7,16.55,17.61,41.78,39.15,44.92,918,987,23.3,12.47,20.74,10.86,23.8,12.47,512,274,523,274,2197,2521
031102Lidar10079_0079,-1348965.534,-245712.5269,514652.2343,3802393.762,"fourFri, P1",Sitgreaves,12.7,0.1,1/10 Acre,0.280391206,8438,2,3,ASP1_23,PIPO,update,update,update,update,1183,23.73,7.83,5.76,2.32,5.39,0.29,3.44,-0.15,2.56,1.9,1.74,2.34,1.32,-0.03,0.12,0.16,-0.02,0.09,2.36,3.84,4.85,5.82,6.17,6.53,7.2,7.83,8.54,9.25,9.61,9.97,10.84,11.43,12.62,52.85,43.49,54.18,1637,1678,27.7,44.59,22.29,36.26,27.76,45.17,858,1381,860,1399,3097,3858
031102Lidar10080_0080,-1345476.398,-244698.728,517963.6175,3803930.301,"fourFri, P1",Sitgreaves,12.7,0.1,1/10 Acre,0.545628269,7808,1,3,ASP1_13,PIPO,update,update,update,update,724,18.4,5.77,6.55,2,4,0.34,2.86,0.03,2.27,1.66,1.45,1.55,1.14,-0.00081,0.08,0.19,-0.000706,0.07,2.11,2.47,2.84,3.85,4.28,4.6,5.24,5.9,6.43,6.86,7.14,7.54,8.45,9.07,10.01,43.76,37.07,44.17,1507,1521,25.84,18.44,21.69,15.47,25.84,18.44,890,635,890,635,3443,4103
031102Lidar10081_0081,-1340467.869,-243113.1472,522696.5453,3806263.439,"fourFri, P1",Sitgreaves,12.7,0.1,1/10 Acre,0.905197729,7808,1,3,ASP1_13,PIPO,update,update,update,update,707.07,17.45,5.59,4.61,2.16,4.68,0.38,3.12,0.47,2.57,1.77,1.54,1.55,1.22,0.12,0.09,0.21,0.1,0.08,2.11,2.44,2.88,3.55,3.9,4.19,4.76,5.36,6.01,6.64,7.02,7.49,8.68,9.59,10.97,44.45,39.71,44.57,1171,1174,23.53,31.89,20.97,28.41,23.53,31.89,620,840,620,840,2634,2956
031102Lidar10082_0082,-1338840.764,-240936.9407,523971.4351,3808648.24,"fourFri, P1",Sitgreaves,12.7,0.1,1/10 Acre,0.345723314,8194,2,2,ASP1_22,PIPO,update,update,update,update,1122.13,23.59,8.22,10.15,2.61,6.86,0.31,3.94,0.02,2.44,2.16,1.98,2.3,1.49,0.002611,0.12,0.18,0.001745,0.08,2.63,3.91,4.73,5.88,6.23,6.66,7.45,8.18,9.07,9.84,10.17,10.44,11.57,12.65,13.83,32.47,29.28,33.21,2322,2375,16.52,8.55,14.58,7.54,16.54,8.55,1182,612,1183,612,7151,8109
031102Lidar10083_0083,-1337964.006,-240446.7745,524766.3667,3809264.856,"fourFri, P1",Sitgreaves,12.7,0.1,1/10 Acre,0.8941268,8438,2,3,ASP1_23,PIPO,update,update,update,update,1954.93,38.27,9.47,10.59,3.5,12.25,0.36,5.35,-0.25,2.18,2.93,2.55,2.44,2,-0.14,0.12,0.21,-0.07,0.06,2.39,3.28,4.2,6.01,6.83,7.52,8.8,9.97,10.86,11.67,12.18,12.64,13.67,14.59,16.21,57.3,50.43,59.8,2294,2394,34.24,26.9,28.98,22.75,34.37,26.97,1371,1077,1376,1080,4003,4747
031102Lidar10084_0084,-1356995.661,-237283.0147,505327.6675,3809398.25,"fourFri, P1",Sitgreaves,12.7,0.2,1/5 Acre,0.495733954,8049,3,1,ASP1_31,PIPO,update,update,update,update,1641.5,26.46,18.44,19.95,3.84,14.8,0.2,5.11,-0.73,3.53,3.01,2.13,2.04,2.12,-0.3,0.3,0.11,-0.14,0.14,8.08,11.3,13.2,15.27,15.85,17.25,18.28,19.19,20.03,20.55,20.96,21.46,22.69,24.04,25.35,17.37,17.73,18.93,765,834,10.64,7.69,10.12,7.29,10.8,7.78,469,339,476,343,4404,4702
031102Lidar10085_0085,-1354346.411,-235607.3279,507698.5771,3811452.196,"fourFri, P1",Sitgreaves,12.7,0.2,1/5 Acre,0.114854564,8278,3,2,ASP1_32,PIPO,update,update,update,update,3049,48.38,22.95,26.22,7,49.1,0.3,7.74,-1.23,4.24,5.31,3.8,3.7,3.72,-0.88,0.59,0.16,-0.23,0.16,2.48,5.3,13.03,18.63,20.12,21.12,22.68,24.45,26.09,27.23,27.87,28.63,30.17,31.27,32.61,29.94,31.16,35.55,1687,2003,19.91,13.86,18.46,12.32,21.06,14.05,1122,781,1187,792,5634,6428
031102Lidar10086_0086,-1352358.592,-236367.023,509796.8942,3811017.952,"fourFri, P1",Sitgreaves,12.7,0.2,1/5 Acre,0.804724005,8278,3,2,ASP1_32,PIPO,update,update,update,update,2233.5,33.4,20.07,19.68,4.7,22.11,0.23,6.48,-0.21,3.26,3.72,3.32,3.3,2.64,-0.02,0.31,0.13,-0.01,0.11,8.21,12.82,13.97,16.2,16.97,17.91,18.94,19.86,21.23,22.7,23.46,24.13,26.03,28.37,29.45,24.33,24.24,27.23,1791,2004,12.05,13.31,11.5,12.78,12.92,14.36,887,980,951,1057,7359,8267
031102Lidar10087_0087,-1356766.837,-232370.5806,504777.5502,3814244.835,"fourFri, P1",Sitgreaves,12.7,0.2,1/5 Acre,0.902293734,8194,2,2,ASP1_22,PIPO,update,update,update,update,1050,19.86,10.74,11.11,2.82,7.98,0.26,4.31,-0.32,2.75,2.3,2.04,2.01,1.6,-0.1,0.15,0.14,-0.06,0.09,3.65,6.09,6.93,8.25,8.57,9.24,10.24,11.04,11.71,12.47,12.88,13.25,14.2,14.91,16.3,25.55,24.01,26.33,1449,1493,14.17,12.87,12.98,11.79,14.23,12.92,804,730,807,733,5670,6216
031102Lidar10088_0088,-1354137.008,-233541.6455,507579.925,3813507.818,"fourFri, P1",Sitgreaves,12.7,0.1,1/10 Acre,0.417793133,8278,3,2,ASP1_32,PIPO,update,update,update,update,1301,22.27,12.64,12.45,2.25,5.09,0.17,2.73,-0.64,5.06,1.71,1.37,1.46,1.23,-0.06,0.19,0.09,-0.05,0.16,4.77,9.33,9.84,10.92,11.35,11.68,12.25,12.71,13.25,13.81,14.08,14.42,15.25,16,17.77,27.84,25.95,28.38,865,882,14.61,15.89,13.39,14.59,14.64,15.96,454,494,455,496,3107,3398
031102Lidar10089_0089,-1338537.076,-229600.1025,522480.3516,3819798.119,"fourFri, P1",Sitgreaves,12.7,0.2,1/5 Acre,0.052287768,8049,3,1,ASP1_31,JUDE2_PIPO,update,update,update,update,1254.15,26.23,8.74,4.65,5.32,28.32,0.6,9.2,0.59,2.02,4.65,3.53,2.44,2.98,0.56,-0.001976,0.34,0.18,-0.000663,2.1,2.57,3.02,3.83,4.33,4.68,5.38,6.9,9.42,11.83,13.53,14.46,16.84,18.45,20.04,23.84,23.09,25.63,1133,1218,10.81,18.2,10.86,18.01,12.06,19.99,514,865,573,950,4751,5274
031102Lidar10090_0090,-1332549.831,-233727.6933,529091.5905,3816688.376,"fourFri, P1",Sitgreaves,12.7,0.2,1/5 Acre,0.036548791,8278,3,2,ASP1_32,PIPO,update,update,update,update,1256.96,29.25,10.92,2.97,5.86,34.42,0.53,10.14,0.03,1.79,5.04,4.99,8.26,3.37,0.04,-0.02,0.3,0.01,-0.00838,2.15,2.43,2.91,4.07,5.6,6.81,8.97,11.24,12.56,15.15,15.74,16.68,19.04,20.21,21.63,24.14,25.5,27.48,2728,3105,15.63,24.48,15.36,25.81,16.55,27.81,1767,2766,1871,3143,11299,12175
031102Lidar10091_0091,-1354422.173,-227222.4384,506295.6457,3819651.757,"fourFri, P1",Sitgreaves,12.7,0.1,1/10 Acre,0.563461179,8278,3,2,ASP1_32,PIPO,update,update,update,update,1569.14,33.77,9.46,4.59,5.68,32.29,0.6,8.16,0.69,2.27,4.76,3.81,3.51,3.16,0.63,0.11,0.33,0.2,0.03,2.16,2.8,3.32,4.29,4.7,5.13,6.36,8.1,9.33,11.91,12.86,15.76,19.07,20.39,21.75,30.22,30.32,33.68,1651,1840,12.53,24.71,12.52,24.93,13.91,27.69,685,1350,760,1513,5463,6067
031102Lidar10092_0092,-1333782.215,-233962.0373,527902.2197,3816266.966,"fourFri, P1",Sitgreaves,12.7,0.1,1/10 Acre,0.052454099,7998,1,2,ASP1_12,JUMO,update,update,update,update,1239.84,27.9,3.78,3.52,1.25,1.57,0.33,1.7,1.23,5.51,0.97,0.84,0.81,0.67,0.12,0.08,0.17,0.18,0.12,2.03,2.2,2.4,2.68,2.81,3.01,3.28,3.57,3.89,4.3,4.51,4.72,5.34,6.01,8.52,28.35,26.34,28.4,552,553,17.46,20.8,16.19,19.34,17.46,20.85,340,405,340,406,1947,2099
031102Lidar10093_0093,-1334015.429,-231284.6456,527246.6944,3818852.654,"fourFri, P1",Sitgreaves,12.7,0.2,1/5 Acre,0.744930623,7831,1,1,ASP1_11,JUMO_PIED,update,update,update,update,1180.71,25.83,4.35,3.34,1.57,2.49,0.36,2.11,0.8,3.3,1.27,1.03,1.04,0.87,0.14,0.08,0.2,0.15,0.1,2.05,2.25,2.5,2.96,3.15,3.32,3.66,4.1,4.59,5.02,5.26,5.59,6.57,7.39,9.03,21.29,20.4,21.32,1902,1905,12.14,18.67,11.62,17.88,12.14,18.69,1085,1668,1085,1670,8933,9336
031102Lidar10094_0094,-1331877.12,-239907.9274,530738.2848,3810740.511,"fourFri, P1",Sitgreaves,12.7,0.1,1/10 Acre,0.832171421,7831,1,1,ASP1_11,JUNIP_PIED,update,update,update,update,855.1,20.98,4.59,2.13,1.82,3.32,0.39,2.97,0.49,2.55,1.55,1.48,2.31,1.03,0.11,0.03,0.22,0.1,0.03,2.03,2.17,2.34,2.76,2.98,3.2,3.73,4.45,5.12,5.7,5.95,6.23,6.94,7.64,9.42,23.68,22.34,23.76,1134,1138,15.28,30.24,14.37,28.67,15.28,30.49,732,1448,732,1460,4788,5092
031102Lidar10095_0095,-1364248.314,-243103.52,499032.7486,3802567.262,"fourFri, P1",Sitgreaves,12.7,0.1,1/10 Acre,0.352269846,8194,2,2,ASP1_22,PIPO,update,update,update,update,1144.55,22.52,8.21,2.43,3.98,15.88,0.48,7.65,-0.17,1.66,3.51,3.33,6.42,2.28,-0.11,-0.07,0.27,-0.04,-0.03,2.06,2.28,2.51,3.15,3.92,5.45,7.33,8.86,10.17,11.12,11.57,12.12,13.25,13.93,14.61,24.41,23.6,25.51,848,886,16.64,27.58,15.53,26.69,16.78,28.85,578,958,583,1002,3473,3754
031102Lidar10096_0096,-1365498.082,-242050.9205,497622.5177,3803403.353,"fourFri, P1",Sitgreaves,12.7,0.1,1/10 Acre,0.395845273,8194,2,2,ASP1_22,PIPO,update,update,update,update,1241.04,38.32,9.06,11.19,3.15,9.96,0.34,4.4,-0.51,2.31,2.62,2.11,2.1,1.78,-0.23,0.11,0.19,-0.13,0.06,2.3,3.03,3.95,6.16,7.05,7.64,8.61,9.7,10.48,11.16,11.46,11.86,12.83,13.44,14.14,30.98,28.7,31.54,2296,2338,18.59,9.86,16.93,8.97,18.6,9.86,1378,731,1379,731,7411,8145
031102Lidar10097_0097,-1350940.731,-222088.3005,508947.4294,3825221.828,"fourFri, P1",Sitgreaves,12.7,0.1,1/10 Acre,0.904743272,7831,1,1,ASP1_11,JUMO,update,update,update,update,963.82,21.61,4.66,3.33,2.19,4.83,0.47,3.49,0.75,2.23,1.9,1.16,0.95,1.2,0.28,0.03,0.25,0.23,0.02,2.03,2.18,2.4,2.78,2.92,3.06,3.39,3.73,4.35,5.85,6.41,7.07,8.19,8.81,9.58,22.7,21.72,23.34,1108,1139,11.86,19.67,11.12,18.67,11.94,20.06,579,960,583,979,4880,5242
031102Lidar10098_0098,-1351542.298,-223212.2543,508526.697,3824027.487,"fourFri, P1",Sitgreaves,12.7,0.1,1/10 Acre,0.576124159,7831,1,1,ASP1_11,JUDE2,update,update,update,update,816.54,17.65,3.87,2.23,1.58,2.51,0.4,2.11,1.09,3.5,1.26,0.96,1.2,0.85,0.22,0.08,0.22,0.25,0.09,2.04,2.16,2.29,2.48,2.59,2.7,3.04,3.44,3.91,4.37,4.7,5.06,6.4,7.39,8.3,11.75,11.45,11.8,273,274,8.01,17.74,7.77,17.3,8.01,17.82,186,412,186,414,2322,2392
031102Lidar10099_0099,-1340435.596,-222277.6836,519432.3731,3826672.931,"fourFri, P1",Sitgreaves,12.7,0.1,1/10 Acre,0.859968393,7831,1,1,ASP1_11,JUMO,update,update,update,update,773.28,18.33,4.35,2.95,1.73,3.01,0.39,2.57,0.67,2.4,1.45,1.16,0.93,0.97,0.17,0.04,0.22,0.18,0.05,2.03,2.2,2.39,2.77,2.97,3.14,3.46,3.87,4.51,5.12,5.54,5.98,7.22,7.71,8.41,22.6,21.61,22.87,674,682,13.18,23.24,12.48,22.21,13.21,23.51,393,693,394,701,2981,3155
031102Lidar10100_0100,-1338680.34,-224230.2885,521488.2215,3825034.269,"fourFri, P1",Sitgreaves,12.7,0.1,1/10 Acre,0.025337978,7998,1,2,ASP1_12,JUMO,update,update,update,update,1926.25,44.4,3.43,3.87,0.93,0.87,0.27,1.34,0.77,3.81,0.74,0.67,0.73,0.51,0.05,0.05,0.15,0.11,0.1,2.03,2.15,2.28,2.55,2.67,2.81,3.11,3.41,3.66,3.9,4.01,4.13,4.52,5.06,6.32,25.75,24.03,25.75,1482,1482,19.68,12.63,18.37,11.79,19.68,12.63,1133,727,1133,727,5755,6166
